scenario id,scenario start time (P[YYYY]-[MM]-[DD]T[hh]:[mm]:[ss]),elapsed (hours),ENV:OUT(0) => backup_chiller:IN(1) [flow: ] (kW),ENV:OUT(0) => main_chiller:IN(1) [flow: ] (kW),automated_transfer_switch:OUT(0) => electric_bus1:IN(1) [flow: electricity] (kW),backup_chiller:OUT(0) => chilled_water_junction:IN(1) [flow: chilled_water] (kW),backup_chiller:OUT(1) => WASTE:IN(0) [flow: ] (kW),backup_generator:OUT(0) => electric_bus1:IN(3) [flow: electricity] (kW),backup_generator:OUT(2) => WASTE:IN(0) [flow: ] (kW),battery:OUT(0) => automated_transfer_switch:IN(1) [flow: electricity] (kW),battery:OUT(1) => WASTE:IN(0) [flow: ] (kW),chilled_water_junction:OUT(0) => building_cooling:IN(0) [flow: chilled_water] (kW),diesel_fired_heater:OUT(0) => heating_manifold:IN(2) [flow: heating] (kW),diesel_fired_heater:OUT(2) => WASTE:IN(0) [flow: ] (kW),diesel_fuel_router:OUT(0) => backup_generator:IN(0) [flow: diesel] (kW),diesel_fuel_router:OUT(1) => diesel_fired_heater:IN(0) [flow: diesel] (kW),diesel_fuel_tank:OUT(0) => diesel_fuel_router:IN(0) [flow: diesel] (kW),electric_bus0:OUT(0) => battery:IN(0) [flow: electricity] (kW),electric_bus0:OUT(1) => electric_bus1:IN(0) [flow: electricity] (kW),electric_bus1:OUT(0) => power_lines:IN(0) [flow: electricity] (kW),electric_bus1:OUT(1) => main_chiller:IN(0) [flow: electricity] (kW),electric_bus1:OUT(2) => backup_chiller:IN(0) [flow: electricity] (kW),electric_bus1:OUT(3) => electric_pump:IN(0) [flow: electricity] (kW),electric_utility:OUT(0) => automated_transfer_switch:IN(0) [flow: electricity] (kW),heating_manifold:OUT(0) => building_heating:IN(0) [flow: heating] (kW),main_chiller:OUT(0) => chilled_water_junction:IN(0) [flow: chilled_water] (kW),main_chiller:OUT(1) => WASTE:IN(0) [flow: ] (kW),natural_gas_turbine:OUT(0) => electric_bus1:IN(2) [flow: electricity] (kW),natural_gas_turbine:OUT(1) => heating_manifold:IN(0) [flow: heating] (kW),natural_gas_turbine:OUT(2) => WASTE:IN(0) [flow: ] (kW),natural_gas_utility:OUT(0) => ng_fuel_router:IN(0) [flow: natural_gas] (kW),ng_fired_heater:OUT(0) => heating_manifold:IN(1) [flow: heating] (kW),ng_fired_heater:OUT(2) => WASTE:IN(0) [flow: ] (kW),ng_fuel_router:OUT(0) => natural_gas_turbine:IN(0) [flow: natural_gas] (kW),ng_fuel_router:OUT(1) => ng_fired_heater:IN(0) [flow: natural_gas] (kW),power_lines:OUT(0) => building_electrical:IN(0) [flow: electricity] (kW),pv_array:OUT(0) => electric_bus0:IN(0) [flow: electricity] (kW),pv_array:OUT(1) => WASTE:IN(0) [flow: ] (kW),REQUEST:ENV:OUT(0) => backup_chiller:IN(1) [flow: ] (kW),REQUEST:ENV:OUT(0) => main_chiller:IN(1) [flow: ] (kW),REQUEST:automated_transfer_switch:OUT(0) => electric_bus1:IN(1) [flow: electricity] (kW),REQUEST:backup_chiller:OUT(0) => chilled_water_junction:IN(1) [flow: chilled_water] (kW),REQUEST:backup_chiller:OUT(1) => WASTE:IN(0) [flow: ] (kW),REQUEST:backup_generator:OUT(0) => electric_bus1:IN(3) [flow: electricity] (kW),REQUEST:backup_generator:OUT(2) => WASTE:IN(0) [flow: ] (kW),REQUEST:battery:OUT(0) => automated_transfer_switch:IN(1) [flow: electricity] (kW),REQUEST:battery:OUT(1) => WASTE:IN(0) [flow: ] (kW),REQUEST:chilled_water_junction:OUT(0) => building_cooling:IN(0) [flow: chilled_water] (kW),REQUEST:diesel_fired_heater:OUT(0) => heating_manifold:IN(2) [flow: heating] (kW),REQUEST:diesel_fired_heater:OUT(2) => WASTE:IN(0) [flow: ] (kW),REQUEST:diesel_fuel_router:OUT(0) => backup_generator:IN(0) [flow: diesel] (kW),REQUEST:diesel_fuel_router:OUT(1) => diesel_fired_heater:IN(0) [flow: diesel] (kW),REQUEST:diesel_fuel_tank:OUT(0) => diesel_fuel_router:IN(0) [flow: diesel] (kW),REQUEST:electric_bus0:OUT(0) => battery:IN(0) [flow: electricity] (kW),REQUEST:electric_bus0:OUT(1) => electric_bus1:IN(0) [flow: electricity] (kW),REQUEST:electric_bus1:OUT(0) => power_lines:IN(0) [flow: electricity] (kW),REQUEST:electric_bus1:OUT(1) => main_chiller:IN(0) [flow: electricity] (kW),REQUEST:electric_bus1:OUT(2) => backup_chiller:IN(0) [flow: electricity] (kW),REQUEST:electric_bus1:OUT(3) => electric_pump:IN(0) [flow: electricity] (kW),REQUEST:electric_utility:OUT(0) => automated_transfer_switch:IN(0) [flow: electricity] (kW),REQUEST:heating_manifold:OUT(0) => building_heating:IN(0) [flow: heating] (kW),REQUEST:main_chiller:OUT(0) => chilled_water_junction:IN(0) [flow: chilled_water] (kW),REQUEST:main_chiller:OUT(1) => WASTE:IN(0) [flow: ] (kW),REQUEST:natural_gas_turbine:OUT(0) => electric_bus1:IN(2) [flow: electricity] (kW),REQUEST:natural_gas_turbine:OUT(1) => heating_manifold:IN(0) [flow: heating] (kW),REQUEST:natural_gas_turbine:OUT(2) => WASTE:IN(0) [flow: ] (kW),REQUEST:natural_gas_utility:OUT(0) => ng_fuel_router:IN(0) [flow: natural_gas] (kW),REQUEST:ng_fired_heater:OUT(0) => heating_manifold:IN(1) [flow: heating] (kW),REQUEST:ng_fired_heater:OUT(2) => WASTE:IN(0) [flow: ] (kW),REQUEST:ng_fuel_router:OUT(0) => natural_gas_turbine:IN(0) [flow: natural_gas] (kW),REQUEST:ng_fuel_router:OUT(1) => ng_fired_heater:IN(0) [flow: natural_gas] (kW),REQUEST:power_lines:OUT(0) => building_electrical:IN(0) [flow: electricity] (kW),REQUEST:pv_array:OUT(0) => electric_bus0:IN(0) [flow: electricity] (kW),REQUEST:pv_array:OUT(1) => WASTE:IN(0) [flow: ] (kW),AVAILABLE:ENV:OUT(0) => backup_chiller:IN(1) [flow: ] (kW),AVAILABLE:ENV:OUT(0) => main_chiller:IN(1) [flow: ] (kW),AVAILABLE:automated_transfer_switch:OUT(0) => electric_bus1:IN(1) [flow: electricity] (kW),AVAILABLE:backup_chiller:OUT(0) => chilled_water_junction:IN(1) [flow: chilled_water] (kW),AVAILABLE:backup_chiller:OUT(1) => WASTE:IN(0) [flow: ] (kW),AVAILABLE:backup_generator:OUT(0) => electric_bus1:IN(3) [flow: electricity] (kW),AVAILABLE:backup_generator:OUT(2) => WASTE:IN(0) [flow: ] (kW),AVAILABLE:battery:OUT(0) => automated_transfer_switch:IN(1) [flow: electricity] (kW),AVAILABLE:battery:OUT(1) => WASTE:IN(0) [flow: ] (kW),AVAILABLE:chilled_water_junction:OUT(0) => building_cooling:IN(0) [flow: chilled_water] (kW),AVAILABLE:diesel_fired_heater:OUT(0) => heating_manifold:IN(2) [flow: heating] (kW),AVAILABLE:diesel_fired_heater:OUT(2) => WASTE:IN(0) [flow: ] (kW),AVAILABLE:diesel_fuel_router:OUT(0) => backup_generator:IN(0) [flow: diesel] (kW),AVAILABLE:diesel_fuel_router:OUT(1) => diesel_fired_heater:IN(0) [flow: diesel] (kW),AVAILABLE:diesel_fuel_tank:OUT(0) => diesel_fuel_router:IN(0) [flow: diesel] (kW),AVAILABLE:electric_bus0:OUT(0) => battery:IN(0) [flow: electricity] (kW),AVAILABLE:electric_bus0:OUT(1) => electric_bus1:IN(0) [flow: electricity] (kW),AVAILABLE:electric_bus1:OUT(0) => power_lines:IN(0) [flow: electricity] (kW),AVAILABLE:electric_bus1:OUT(1) => main_chiller:IN(0) [flow: electricity] (kW),AVAILABLE:electric_bus1:OUT(2) => backup_chiller:IN(0) [flow: electricity] (kW),AVAILABLE:electric_bus1:OUT(3) => electric_pump:IN(0) [flow: electricity] (kW),AVAILABLE:electric_utility:OUT(0) => automated_transfer_switch:IN(0) [flow: electricity] (kW),AVAILABLE:heating_manifold:OUT(0) => building_heating:IN(0) [flow: heating] (kW),AVAILABLE:main_chiller:OUT(0) => chilled_water_junction:IN(0) [flow: chilled_water] (kW),AVAILABLE:main_chiller:OUT(1) => WASTE:IN(0) [flow: ] (kW),AVAILABLE:natural_gas_turbine:OUT(0) => electric_bus1:IN(2) [flow: electricity] (kW),AVAILABLE:natural_gas_turbine:OUT(1) => heating_manifold:IN(0) [flow: heating] (kW),AVAILABLE:natural_gas_turbine:OUT(2) => WASTE:IN(0) [flow: ] (kW),AVAILABLE:natural_gas_utility:OUT(0) => ng_fuel_router:IN(0) [flow: natural_gas] (kW),AVAILABLE:ng_fired_heater:OUT(0) => heating_manifold:IN(1) [flow: heating] (kW),AVAILABLE:ng_fired_heater:OUT(2) => WASTE:IN(0) [flow: ] (kW),AVAILABLE:ng_fuel_router:OUT(0) => natural_gas_turbine:IN(0) [flow: natural_gas] (kW),AVAILABLE:ng_fuel_router:OUT(1) => ng_fired_heater:IN(0) [flow: natural_gas] (kW),AVAILABLE:power_lines:OUT(0) => building_electrical:IN(0) [flow: electricity] (kW),AVAILABLE:pv_array:OUT(0) => electric_bus0:IN(0) [flow: electricity] (kW),AVAILABLE:pv_array:OUT(1) => WASTE:IN(0) [flow: ] (kW),Stored: battery (kJ),Stored: diesel_fuel_tank (kJ),SOC: battery,SOC: diesel_fuel_tank,op-state: automated_transfer_switch,op-state: backup_chiller,op-state: backup_generator,op-state: battery,op-state: building_cooling,op-state: building_electrical,op-state: building_heating,op-state: chilled_water_junction,op-state: diesel_fired_heater,op-state: diesel_fuel_router,op-state: diesel_fuel_tank,op-state: electric_bus0,op-state: electric_bus1,op-state: electric_pump,op-state: electric_utility,op-state: heating_manifold,op-state: main_chiller,op-state: natural_gas_turbine,op-state: natural_gas_utility,op-state: ng_fired_heater,op-state: ng_fuel_router,op-state: power_lines,op-state: pv_array
blue_sky,P0000-00-00T00:00:00,0,71.6,73.7,20,119.4,0,0,0,20,0,219.4,0,0,0,0,0,0,0,187.5,26.3,47.8,10,0,29.6,100,0,251.6,29.6,275.4,556.6,0,0,556.6,0,187.5,0,0,71.6,73.7,271.6,119.4,0,0,0,271.6,0,219.4,0,0,0,0,0,271.6,271.6,187.5,26.3,47.8,10,0,29.6,219.4,0,251.6,29.6,275.4,556.6,0,0,556.6,0,187.5,543.1,0,71.6,73.7,20,119.4,0,6,0,20,0,219.4,0,0,20,0,20,0,0,441.9,26.3,47.8,10,100,305,100,0,500,305,275.4,1000,0,0,1000,0,441.9,0,0,72000.000,14400000.000,1.000,1.000,available,available,available,available,available,available,available,available,available,available,available,available,available,available,available,available,available,available,available,available,available,available,available
blue_sky,P0000-00-00T00:00:00,0.200,71.6,73.7,20,119.4,0,0,0,20,0,219.4,0,0,0,0,0,0,0,187.5,26.3,47.8,10,0,29.6,100,0,251.6,29.6,275.4,556.6,0,0,556.6,0,187.5,0,0,71.6,73.7,271.6,119.4,0,0,0,271.6,0,219.4,0,0,0,0,0,276.6,271.6,187.5,26.3,47.8,10,0,29.6,219.4,0,251.6,29.6,275.4,556.6,0,0,556.6,0,187.5,548.1,0,71.6,73.7,20,119.4,0,6,0,20,0,219.4,0,0,20,0,20,0,0,441.9,26.3,47.8,10,100,305,100,0,500,305,275.4,1000,0,0,1000,0,441.9,0,0,57600.000,14400000.000,0.800,1.000,available,available,available,available,available,available,available,available,available,available,available,available,available,available,available,available,available,available,available,available,available,available,available
blue_sky,P0000-00-00T00:00:00,1.000,72.2,73.7,0,120.4,0,0,0,0,0,220.4,0,0,0,0,0,0,0,146.3,26.3,48.2,10,0,16.7,100,0,230.8,16.7,296.3,543.8,0,0,543.8,0,146.3,0,0,72.2,73.7,230.8,120.4,0,0,0,230.8,0,220.4,0,0,0,0,0,235.8,230.8,146.3,26.3,48.2,10,0,16.7,220.4,0,230.8,16.7,296.3,543.8,0,0,543.8,0,146.3,466.5,0,72.2,73.7,0,120.4,0,6,0,0,0,220.4,0,0,20,0,20,0,0,421.5,26.3,48.2,10,100,313,100,0,500,313,296.3,1000,0,0,1000,0,421.5,0,0,0.000,14400000.000,0.000,1.000,available,available,available,available,available,available,available,available,available,available,available,available,available,available,available,available,available,available,available,available,available,available,available
blue_sky,P0000-00-00T00:00:00,2.000,72.2,73.7,0,120.4,0,0,0,0,0,220.4,0,0,0,0,0,0,0,137.3,26.3,48.2,10,0,17,100,0,221.8,17,299,537.8,0,0,537.8,0,137.3,0,0,72.2,73.7,221.8,120.4,0,0,0,221.8,0,220.4,0,0,0,0,0,226.8,221.8,137.3,26.3,48.2,10,0,17,220.4,0,221.8,17,299,537.8,0,0,537.8,0,137.3,448.6,0,72.2,73.7,0,120.4,0,6,0,0,0,220.4,0,0,20,0,20,0,0,421.5,26.3,48.2,10,100,316,100,0,500,316,299,1000,0,0,1000,0,421.5,0,0,0.000,14400000.000,0.000,1.000,available,available,available,available,available,available,available,available,available,available,available,available,available,available,available,available,available,available,available,available,available,available,available
blue_sky,P0000-00-00T00:00:00,3.000,71.6,73.7,0,119.4,0,0,0,0,0,219.4,0,0,0,0,0,0,0,170.3,26.3,47.8,10,0,23.4,100,0,254.4,23.4,280.6,558.4,0,0,558.4,0,170.3,0,0,71.6,73.7,254.4,119.4,0,0,0,254.4,0,219.4,0,0,0,0,0,259.4,254.4,170.3,26.3,47.8,10,0,23.4,219.4,0,254.4,23.4,280.6,558.4,0,0,558.4,0,170.3,513.7,0,71.6,73.7,0,119.4,0,6,0,0,0,219.4,0,0,20,0,20,0,0,421.9,26.3,47.8,10,100,304,100,0,500,304,280.6,1000,0,0,1000,0,421.9,0,0,0.000,14400000.000,0.000,1.000,available,available,available,available,available,available,available,available,available,available,available,available,available,available,available,available,available,available,available,available,available,available,available
blue_sky,P0000-00-00T00:00:00,4.000,72.2,73.7,0,120.4,0,0,0,0,0,220.4,0,0,0,0,0,0,0,139.1,26.3,48.2,10,0,17.6,100,0,223.5,17.6,297.9,539,0,0,539,0,139.1,0,0,72.2,73.7,223.5,120.4,0,0,0,223.5,0,220.4,0,0,0,0,0,228.5,223.5,139.1,26.3,48.2,10,0,17.6,220.4,0,223.5,17.6,297.9,539,0,0,539,0,139.1,452.1,0,72.2,73.7,0,120.4,0,6,0,0,0,220.4,0,0,20,0,20,0,0,421.5,26.3,48.2,10,100,315.5,100,0,500,315.5,297.9,1000,0,0,1000,0,421.5,0,0,0.000,14400000.000,0.000,1.000,available,available,available,available,available,available,available,available,available,available,available,available,available,available,available,available,available,available,available,available,available,available,available
blue_sky,P0000-00-00T00:00:00,5.000,72.2,73.7,0,120.4,0,0,0,0,0,220.4,0,0,0,0,0,0,0,171.9,26.3,48.2,10,0,23.7,100,0,256.4,23.7,279.5,559.7,0,0,559.7,0,171.9,0,0,72.2,73.7,256.4,120.4,0,0,0,256.4,0,220.4,0,0,0,0,0,261.4,256.4,171.9,26.3,48.2,10,0,23.7,220.4,0,256.4,23.7,279.5,559.7,0,0,559.7,0,171.9,517.8,0,72.2,73.7,0,120.4,0,6,0,0,0,220.4,0,0,20,0,20,0,0,421.5,26.3,48.2,10,100,303.3,100,0,500,303.3,279.5,1000,0,0,1000,0,421.5,0,0,0.000,14400000.000,0.000,1.000,available,available,available,available,available,available,available,available,available,available,available,available,available,available,available,available,available,available,available,available,available,available,available
blue_sky,P0000-00-00T00:00:00,6.000,72.3,73.7,0,120.4,0,0,0,0,0,220.4,0,0,0,0,0,0,0,140.1,26.3,48.2,10,0,17.9,100,0,224.5,17.9,297.3,539.7,0,0,539.7,0,140.1,0,0,72.3,73.7,224.5,120.4,0,0,0,224.5,0,220.4,0,0,0,0,0,229.5,224.5,140.1,26.3,48.2,10,0,17.9,220.4,0,224.5,17.9,297.3,539.7,0,0,539.7,0,140.1,454.1,0,72.3,73.7,0,120.4,0,6,0,0,0,220.4,0,0,20,0,20,0,0,421.5,26.3,48.2,10,100,315.1,100,0,500,315.1,297.3,1000,0,0,1000,0,421.5,0,0,0.000,14400000.000,0.000,1.000,available,available,available,available,available,available,available,available,available,available,available,available,available,available,available,available,available,available,available,available,available,available,available
blue_sky,P0000-00-00T00:00:00,7.000,72.9,73.7,14.4,121.5,0,0,0,14.4,0,221.5,0,0,0,0,0,14.4,0,173.4,26.3,48.6,10,0,24,100,0,244,24,284,552,0,0,552,0,173.4,14.4,0,72.9,73.7,258.3,121.5,0,0,0,258.3,0,221.5,0,0,0,0,0,263.3,258.3,173.4,26.3,48.6,10,0,24,221.5,0,244,24,284,552,0,0,552,0,173.4,521.7,0,72.9,73.7,14.4,121.5,0,6,0,14.4,0,221.5,0,0,20,0,20,14.4,0,435.4,26.3,48.6,10,100,308,100,0,500,308,284,1000,0,0,1000,0,435.4,14.4,0,0.000,14400000.000,0.000,1.000,available,available,available,available,available,available,available,available,available,available,available,available,available,available,available,available,available,available,available,available,available,available,available
blue_sky,P0000-00-00T00:00:00,8.000,72.4,73.7,0,120.6,0,0,0,0,0.5,220.6,0,0,0,0,0,5,212.1,127.5,26.3,48.2,10,0,17.9,100,0,0,0,0,19,17.9,1.1,0,19,127.5,217.1,454.7,72.4,73.7,0,120.6,0,0,0,0,0.5,220.6,0,0,0,0,0,5,212.1,127.5,26.3,48.2,10,0,17.9,220.6,0,0,17.9,0,19,17.9,1.1,0,19,127.5,217.1,454.7,72.4,73.7,100,120.6,0,6,0,459.7,0.5,220.6,0,0,20,0,20,459.7,212.1,733.5,26.3,48.2,10,100,17.9,100,0,500,0,0,1000,17.9,1.1,981,19,733.5,671.8,454.7,0.000,14400000.000,0.000,1.000,available,available,available,available,available,available,available,available,available,available,available,available,available,available,available,available,available,available,available,available,available,available,available
blue_sky,P0000-00-00T00:00:00,9.000,72.2,73.7,0,120.3,0,0,0,0,0.5,220.3,0,0,0,0,0,5,220.2,135.8,26.3,48.1,10,0,23.4,100,0,0,0,0,24.9,23.4,1.5,0,24.9,135.8,225.2,1040.7,72.2,73.7,0,120.3,0,0,0,0,0.5,220.3,0,0,0,0,0,5,220.2,135.8,26.3,48.1,10,0,23.4,220.3,0,0,23.4,0,24.9,23.4,1.5,0,24.9,135.8,225.2,1040.7,72.2,73.7,100,120.3,0,6,0,1065.7,0.5,220.3,0,0,20,0,20,1045.7,220.2,741.8,26.3,48.1,10,100,23.4,100,0,500,0,0,1000,23.4,1.5,975.1,24.9,741.8,1265.9,1040.7,16200.000,14400000.000,0.225,1.000,available,available,available,available,available,available,available,available,available,available,available,available,available,available,available,available,available,available,available,available,available,available,available
blue_sky,P0000-00-00T00:00:00,10.000,71.7,73.7,0,119.5,0,0,0,0,0.5,219.5,0,0,0,0,0,5,179.3,95.2,26.3,47.8,10,0,16.4,100,0,0,0,0,17.5,16.4,1,0,17.5,95.2,184.3,1398.9,71.7,73.7,0,119.5,0,0,0,0,0.5,219.5,0,0,0,0,0,5,179.3,95.2,26.3,47.8,10,0,16.4,219.5,0,0,16.4,0,17.5,16.4,1,0,17.5,95.2,184.3,1398.9,71.7,73.7,100,119.5,0,6,0,1423.9,0.5,219.5,0,0,20,0,20,1403.9,179.3,701.2,26.3,47.8,10,100,16.4,100,0,500,0,0,1000,16.4,1,982.5,17.5,701.2,1583.2,1398.9,32400.000,14400000.000,0.450,1.000,available,available,available,available,available,available,available,available,available,available,available,available,available,available,available,available,available,available,available,available,available,available,available
blue_sky,P0000-00-00T00:00:00,11.000,72.2,73.7,0,120.4,0,0,0,0,0.5,220.4,0,0,0,0,0,5,192.1,107.6,26.3,48.2,10,0,18.8,100,0,0,0,0,20,18.8,1.2,0,20,107.6,197.1,1636.6,72.2,73.7,0,120.4,0,0,0,0,0.5,220.4,0,0,0,0,0,5,192.1,107.6,26.3,48.2,10,0,18.8,220.4,0,0,18.8,0,20,18.8,1.2,0,20,107.6,197.1,1636.6,72.2,73.7,100,120.4,0,6,0,1661.6,0.5,220.4,0,0,20,0,20,1641.6,192.1,713.6,26.3,48.2,10,100,18.8,100,0,500,0,0,1000,18.8,1.2,980,20,713.6,1833.7,1636.6,48600.000,14400000.000,0.675,1.000,available,available,available,available,available,available,available,available,available,available,available,available,available,available,available,available,available,available,available,available,available,available,available
blue_sky,P0000-00-00T00:00:00,12.000,72.2,73.7,0,120.4,0,0,0,0,0.5,220.4,0,0,0,0,0,5,165.7,81.2,26.3,48.2,10,0,14.4,100,0,0,0,0,15.3,14.4,0.9,0,15.3,81.2,170.7,1752.2,72.2,73.7,0,120.4,0,0,0,0,0.5,220.4,0,0,0,0,0,5,165.7,81.2,26.3,48.2,10,0,14.4,220.4,0,0,14.4,0,15.3,14.4,0.9,0,15.3,81.2,170.7,1752.2,72.2,73.7,100,120.4,0,6,0,1777.2,0.5,220.4,0,0,20,0,20,1757.2,165.7,687.2,26.3,48.2,10,100,14.4,100,0,500,0,0,1000,14.4,0.9,984.7,15.3,687.2,1922.9,1752.2,64800.000,14400000.000,0.900,1.000,available,available,available,available,available,available,available,available,available,available,available,available,available,available,available,available,available,available,available,available,available,available,available
blue_sky,P0000-00-00T00:00:00,12.444,72.2,73.7,0,120.4,0,0,0,0,0,220.4,0,0,0,0,0,0,165.7,81.2,26.3,48.2,10,0,14.4,100,0,0,0,0,15.3,14.4,0.9,0,15.3,81.2,165.7,1757.2,72.2,73.7,0,120.4,0,0,0,0,0,220.4,0,0,0,0,0,0,165.7,81.2,26.3,48.2,10,0,14.4,220.4,0,0,14.4,0,15.3,14.4,0.9,0,15.3,81.2,165.7,1757.2,72.2,73.7,100,120.4,0,6,0,1777.2,0,220.4,0,0,20,0,20,1757.2,165.7,687.2,26.3,48.2,10,100,14.4,100,0,500,0,0,1000,14.4,0.9,984.7,15.3,687.2,1922.9,1757.2,72000.000,14400000.000,1.000,1.000,available,available,available,available,available,available,available,available,available,available,available,available,available,available,available,available,available,available,available,available,available,available,available
blue_sky,P0000-00-00T00:00:00,13.000,71.6,73.7,0,119.4,0,0,0,0,0,219.4,0,0,0,0,0,0,183,98.9,26.3,47.8,10,0,16.1,100,0,0,0,0,17.1,16.1,1,0,17.1,98.9,183,1566.4,71.6,73.7,0,119.4,0,0,0,0,0,219.4,0,0,0,0,0,0,183,98.9,26.3,47.8,10,0,16.1,219.4,0,0,16.1,0,17.1,16.1,1,0,17.1,98.9,183,1566.4,71.6,73.7,100,119.4,0,6,0,1586.4,0,219.4,0,0,20,0,20,1566.4,183,704.9,26.3,47.8,10,100,16.1,100,0,500,0,0,1000,16.1,1,982.9,17.1,704.9,1749.4,1566.4,72000.000,14400000.000,1.000,1.000,available,available,available,available,available,available,available,available,available,available,available,available,available,available,available,available,available,available,available,available,available,available,available
blue_sky,P0000-00-00T00:00:00,14.000,72.2,73.7,0,120.4,0,0,0,0,0,220.4,0,0,0,0,0,0,164.6,80.1,26.3,48.2,10,0,10.6,100,0,0,0,0,11.2,10.6,0.7,0,11.2,80.1,164.6,830.1,72.2,73.7,0,120.4,0,0,0,0,0,220.4,0,0,0,0,0,0,164.6,80.1,26.3,48.2,10,0,10.6,220.4,0,0,10.6,0,11.2,10.6,0.7,0,11.2,80.1,164.6,830.1,72.2,73.7,100,120.4,0,6,0,850.1,0,220.4,0,0,20,0,20,830.1,164.6,686.1,26.3,48.2,10,100,10.6,100,0,500,0,0,1000,10.6,0.7,988.8,11.2,686.1,994.7,830.1,72000.000,14400000.000,1.000,1.000,available,available,available,available,available,available,available,available,available,available,available,available,available,available,available,available,available,available,available,available,available,available,available
blue_sky,P0000-00-00T00:00:00,15.000,72.2,73.7,0,120.4,0,0,0,0,0,220.4,0,0,0,0,0,0,181.7,97.2,26.3,48.2,10,0,13.8,100,0,0,0,0,14.7,13.8,0.9,0,14.7,97.2,181.7,286.7,72.2,73.7,0,120.4,0,0,0,0,0,220.4,0,0,0,0,0,0,181.7,97.2,26.3,48.2,10,0,13.8,220.4,0,0,13.8,0,14.7,13.8,0.9,0,14.7,97.2,181.7,286.7,72.2,73.7,100,120.4,0,6,0,306.7,0,220.4,0,0,20,0,20,286.7,181.7,703.2,26.3,48.2,10,100,13.8,100,0,500,0,0,1000,13.8,0.9,985.3,14.7,703.2,468.4,286.7,72000.000,14400000.000,1.000,1.000,available,available,available,available,available,available,available,available,available,available,available,available,available,available,available,available,available,available,available,available,available,available,available
blue_sky,P0000-00-00T00:00:00,16.000,71.6,73.7,20,119.4,0,0,0,20,0,219.4,0,0,0,0,0,0,0,81,26.3,47.8,10,0,9.4,100,0,145.1,9.4,313.4,467.9,0,0,467.9,0,81,0,0,71.6,73.7,165.1,119.4,0,0,0,165.1,0,219.4,0,0,0,0,0,165.1,165.1,81,26.3,47.8,10,0,9.4,219.4,0,145.1,9.4,313.4,467.9,0,0,467.9,0,81,330.3,0,71.6,73.7,20,119.4,0,6,0,20,0,219.4,0,0,20,0,20,0,0,441.9,26.3,47.8,10,100,322.8,100,0,500,322.8,313.4,1000,0,0,1000,0,441.9,0,0,72000.000,14400000.000,1.000,1.000,available,available,available,available,available,available,available,available,available,available,available,available,available,available,available,available,available,available,available,available,available,available,available
blue_sky,P0000-00-00T00:00:00,16.200,71.6,73.7,20,119.4,0,0,0,20,0,219.4,0,0,0,0,0,0,0,81,26.3,47.8,10,0,9.4,100,0,145.1,9.4,313.4,467.9,0,0,467.9,0,81,0,0,71.6,73.7,165.1,119.4,0,0,0,165.1,0,219.4,0,0,0,0,0,170.1,165.1,81,26.3,47.8,10,0,9.4,219.4,0,145.1,9.4,313.4,467.9,0,0,467.9,0,81,335.3,0,71.6,73.7,20,119.4,0,6,0,20,0,219.4,0,0,20,0,20,0,0,441.9,26.3,47.8,10,100,322.8,100,0,500,322.8,313.4,1000,0,0,1000,0,441.9,0,0,57600.000,14400000.000,0.800,1.000,available,available,available,available,available,available,available,available,available,available,available,available,available,available,available,available,available,available,available,available,available,available,available
blue_sky,P0000-00-00T00:00:00,17.000,72.2,73.7,0,120.4,0,0,0,0,0,220.4,0,0,0,0,0,0,0,114.3,26.3,48.2,10,0,13.2,100,0,198.8,13.2,308.8,520.8,0,0,520.8,0,114.3,0,0,72.2,73.7,198.8,120.4,0,0,0,198.8,0,220.4,0,0,0,0,0,203.8,198.8,114.3,26.3,48.2,10,0,13.2,220.4,0,198.8,13.2,308.8,520.8,0,0,520.8,0,114.3,402.5,0,72.2,73.7,0,120.4,0,6,0,0,0,220.4,0,0,20,0,20,0,0,421.5,26.3,48.2,10,100,322,100,0,500,322,308.8,1000,0,0,1000,0,421.5,0,0,0.000,14400000.000,0.000,1.000,available,available,available,available,available,available,available,available,available,available,available,available,available,available,available,available,available,available,available,available,available,available,available
blue_sky,P0000-00-00T00:00:00,18.000,72.3,73.7,0,120.4,0,0,0,0,0,220.4,0,0,0,0,0,0,0,102.7,26.3,48.2,10,0,9.4,100,0,187.1,9.4,314.5,511.1,0,0,511.1,0,102.7,0,0,72.3,73.7,187.1,120.4,0,0,0,187.1,0,220.4,0,0,0,0,0,192.1,187.1,102.7,26.3,48.2,10,0,9.4,220.4,0,187.1,9.4,314.5,511.1,0,0,511.1,0,102.7,379.3,0,72.3,73.7,0,120.4,0,6,0,0,0,220.4,0,0,20,0,20,0,0,421.5,26.3,48.2,10,100,323.9,100,0,500,323.9,314.5,1000,0,0,1000,0,421.5,0,0,0.000,14400000.000,0.000,1.000,available,available,available,available,available,available,available,available,available,available,available,available,available,available,available,available,available,available,available,available,available,available,available
blue_sky,P0000-00-00T00:00:00,19.000,72.3,73.7,0,120.4,0,0,0,0,0,220.4,0,0,0,0,0,0,0,125.7,26.3,48.2,10,0,13.5,100,0,210.2,13.5,305.9,529.5,0,0,529.5,0,125.7,0,0,72.3,73.7,210.2,120.4,0,0,0,210.2,0,220.4,0,0,0,0,0,215.2,210.2,125.7,26.3,48.2,10,0,13.5,220.4,0,210.2,13.5,305.9,529.5,0,0,529.5,0,125.7,425.3,0,72.3,73.7,0,120.4,0,6,0,0,0,220.4,0,0,20,0,20,0,0,421.5,26.3,48.2,10,100,319.4,100,0,500,319.4,305.9,1000,0,0,1000,0,421.5,0,0,0.000,14400000.000,0.000,1.000,available,available,available,available,available,available,available,available,available,available,available,available,available,available,available,available,available,available,available,available,available,available,available
blue_sky,P0000-00-00T00:00:00,20.000,72.3,73.7,0,120.4,0,0,0,0,0,220.4,0,0,0,0,0,0,0,105.3,26.3,48.2,10,0,9.7,100,0,189.7,9.7,313.9,513.3,0,0,513.3,0,105.3,0,0,72.3,73.7,189.7,120.4,0,0,0,189.7,0,220.4,0,0,0,0,0,194.7,189.7,105.3,26.3,48.2,10,0,9.7,220.4,0,189.7,9.7,313.9,513.3,0,0,513.3,0,105.3,384.5,0,72.3,73.7,0,120.4,0,6,0,0,0,220.4,0,0,20,0,20,0,0,421.5,26.3,48.2,10,100,323.6,100,0,500,323.6,313.9,1000,0,0,1000,0,421.5,0,0,0.000,14400000.000,0.000,1.000,available,available,available,available,available,available,available,available,available,available,available,available,available,available,available,available,available,available,available,available,available,available,available
blue_sky,P0000-00-00T00:00:00,21.000,72.2,73.7,0,120.4,0,0,0,0,0,220.4,0,0,0,0,0,0,0,125,26.3,48.2,10,0,12.3,100,0,209.5,12.3,307.2,529.1,0,0,529.1,0,125,0,0,72.2,73.7,209.5,120.4,0,0,0,209.5,0,220.4,0,0,0,0,0,214.5,209.5,125,26.3,48.2,10,0,12.3,220.4,0,209.5,12.3,307.2,529.1,0,0,529.1,0,125,424.1,0,72.2,73.7,0,120.4,0,6,0,0,0,220.4,0,0,20,0,20,0,0,421.5,26.3,48.2,10,100,319.5,100,0,500,319.5,307.2,1000,0,0,1000,0,421.5,0,0,0.000,14400000.000,0.000,1.000,available,available,available,available,available,available,available,available,available,available,available,available,available,available,available,available,available,available,available,available,available,available,available
blue_sky,P0000-00-00T00:00:00,22.000,71.6,73.7,0,119.4,0,0,0,0,0,219.4,0,0,0,0,0,0,0,104.8,26.3,47.8,10,0,10.6,100,0,188.9,10.6,313.1,512.6,0,0,512.6,0,104.8,0,0,71.6,73.7,188.9,119.4,0,0,0,188.9,0,219.4,0,0,0,0,0,193.9,188.9,104.8,26.3,47.8,10,0,10.6,219.4,0,188.9,10.6,313.1,512.6,0,0,512.6,0,104.8,382.8,0,71.6,73.7,0,119.4,0,6,0,0,0,219.4,0,0,20,0,20,0,0,421.9,26.3,47.8,10,100,323.7,100,0,500,323.7,313.1,1000,0,0,1000,0,421.9,0,0,0.000,14400000.000,0.000,1.000,available,available,available,available,available,available,available,available,available,available,available,available,available,available,available,available,available,available,available,available,available,available,available
blue_sky,P0000-00-00T00:00:00,23.000,72.2,73.7,0,120.4,0,0,0,0,0,220.4,0,0,0,0,0,0,0,126.5,26.3,48.2,10,0,13.5,100,0,211,13.5,305.7,530.1,0,0,530.1,0,126.5,0,0,72.2,73.7,211,120.4,0,0,0,211,0,220.4,0,0,0,0,0,216,211,126.5,26.3,48.2,10,0,13.5,220.4,0,211,13.5,305.7,530.1,0,0,530.1,0,126.5,426.9,0,72.2,73.7,0,120.4,0,6,0,0,0,220.4,0,0,20,0,20,0,0,421.5,26.3,48.2,10,100,319.2,100,0,500,319.2,305.7,1000,0,0,1000,0,421.5,0,0,0.000,14400000.000,0.000,1.000,available,available,available,available,available,available,available,available,available,available,available,available,available,available,available,available,available,available,available,available,available,available,available
blue_sky,P0000-00-00T00:00:00,24.000,72.2,73.7,0,120.4,0,0,0,0,0,220.4,0,0,0,0,0,0,0,107.1,26.3,48.2,10,0,9.7,100,0,191.6,9.7,313.6,514.8,0,0,514.8,0,107.1,0,0,72.2,73.7,191.6,120.4,0,0,0,191.6,0,220.4,0,0,0,0,0,196.6,191.6,107.1,26.3,48.2,10,0,9.7,220.4,0,191.6,9.7,313.6,514.8,0,0,514.8,0,107.1,388.1,0,72.2,73.7,0,120.4,0,6,0,0,0,220.4,0,0,20,0,20,0,0,421.5,26.3,48.2,10,100,323.3,100,0,500,323.3,313.6,1000,0,0,1000,0,421.5,0,0,0.000,14400000.000,0.000,1.000,available,available,available,available,available,available,available,available,available,available,available,available,available,available,available,available,available,available,available,available,available,available,available
blue_sky,P0000-00-00T00:00:00,25.000,72,73.7,0,120,0,0,0,0,0,220,0,0,0,0,0,0,0,135.6,26.3,48,10,0,13.5,100,0,219.9,13.5,303.1,536.5,0,0,536.5,0,135.6,0,0,72,73.7,219.9,120,0,0,0,219.9,0,220,0,0,0,0,0,224.9,219.9,135.6,26.3,48,10,0,13.5,220,0,219.9,13.5,303.1,536.5,0,0,536.5,0,135.6,444.8,0,72,73.7,0,120,0,6,0,0,0,220,0,0,20,0,20,0,0,421.7,26.3,48,10,100,316.6,100,0,500,316.6,303.1,1000,0,0,1000,0,421.7,0,0,0.000,14400000.000,0.000,1.000,available,available,available,available,available,available,available,available,available,available,available,available,available,available,available,available,available,available,available,available,available,available,available
blue_sky,P0000-00-00T00:00:00,26.000,71.9,73.7,0,119.8,0,0,0,0,0,219.8,0,0,0,0,0,0,0,115.6,26.3,47.9,10,0,12.3,100,0,199.8,12.3,309.5,521.6,0,0,521.6,0,115.6,0,0,71.9,73.7,199.8,119.8,0,0,0,199.8,0,219.8,0,0,0,0,0,204.8,199.8,115.6,26.3,47.9,10,0,12.3,219.8,0,199.8,12.3,309.5,521.6,0,0,521.6,0,115.6,404.7,0,71.9,73.7,0,119.8,0,6,0,0,0,219.8,0,0,20,0,20,0,0,421.8,26.3,47.9,10,100,321.8,100,0,500,321.8,309.5,1000,0,0,1000,0,421.8,0,0,0.000,14400000.000,0.000,1.000,available,available,available,available,available,available,available,available,available,available,available,available,available,available,available,available,available,available,available,available,available,available,available
blue_sky,P0000-00-00T00:00:00,27.000,72.2,73.7,0,120.4,0,0,0,0,0,220.4,0,0,0,0,0,0,0,137.5,26.3,48.2,10,0,14.1,100,0,222,14.1,301.9,537.9,0,0,537.9,0,137.5,0,0,72.2,73.7,222,120.4,0,0,0,222,0,220.4,0,0,0,0,0,227,222,137.5,26.3,48.2,10,0,14.1,220.4,0,222,14.1,301.9,537.9,0,0,537.9,0,137.5,448.9,0,72.2,73.7,0,120.4,0,6,0,0,0,220.4,0,0,20,0,20,0,0,421.5,26.3,48.2,10,100,316,100,0,500,316,301.9,1000,0,0,1000,0,421.5,0,0,0.000,14400000.000,0.000,1.000,available,available,available,available,available,available,available,available,available,available,available,available,available,available,available,available,available,available,available,available,available,available,available
blue_sky,P0000-00-00T00:00:00,28.000,72.2,73.7,0,120.4,0,0,0,0,0,220.4,0,0,0,0,0,0,0,115.4,26.3,48.2,10,0,12.3,100,0,199.9,12.3,309.5,521.6,0,0,521.6,0,115.4,0,0,72.2,73.7,199.9,120.4,0,0,0,199.9,0,220.4,0,0,0,0,0,204.9,199.9,115.4,26.3,48.2,10,0,12.3,220.4,0,199.9,12.3,309.5,521.6,0,0,521.6,0,115.4,404.7,0,72.2,73.7,0,120.4,0,6,0,0,0,220.4,0,0,20,0,20,0,0,421.5,26.3,48.2,10,100,321.8,100,0,500,321.8,309.5,1000,0,0,1000,0,421.5,0,0,0.000,14400000.000,0.000,1.000,available,available,available,available,available,available,available,available,available,available,available,available,available,available,available,available,available,available,available,available,available,available,available
blue_sky,P0000-00-00T00:00:00,29.000,78.4,73.7,0,130.7,0,0,0,0,0,230.7,0,0,0,0,0,0,0,133.8,26.3,52.3,10,0,13.5,100,0,222.4,13.5,302.3,538.3,0,0,538.3,0,133.8,0,0,78.4,73.7,222.4,130.7,0,0,0,222.4,0,230.7,0,0,0,0,0,227.4,222.4,133.8,26.3,52.3,10,0,13.5,230.7,0,222.4,13.5,302.3,538.3,0,0,538.3,0,133.8,449.9,0,78.4,73.7,0,130.7,0,6,0,0,0,230.7,0,0,20,0,20,0,0,417.4,26.3,52.3,10,100,315.8,100,0,500,315.8,302.3,1000,0,0,1000,0,417.4,0,0,0.000,14400000.000,0.000,1.000,available,available,available,available,available,available,available,available,available,available,available,available,available,available,available,available,available,available,available,available,available,available,available
blue_sky,P0000-00-00T00:00:00,30.000,79,73.7,0,131.7,0,0,0,0,0,231.7,0,0,0,0,0,0,0,113.8,26.3,52.7,10,0,10.8,100,0,202.8,10.8,310.3,524,0,0,524,0,113.8,0,0,79,73.7,202.8,131.7,0,0,0,202.8,0,231.7,0,0,0,0,0,207.8,202.8,113.8,26.3,52.7,10,0,10.8,231.7,0,202.8,10.8,310.3,524,0,0,524,0,113.8,410.7,0,79,73.7,0,131.8,0,6,0,0,0,231.8,0,0,20,0,20,0,0,417,26.3,52.7,10,100,321.1,100,0,500,321.1,310.3,1000,0,0,1000,0,417,0,0,0.000,14400000.000,0.000,1.000,available,available,available,available,available,available,available,available,available,available,available,available,available,available,available,available,available,available,available,available,available,available,available
blue_sky,P0000-00-00T00:00:00,31.000,219.7,73.7,10.6,366.2,0,6,14,10.6,0,466.2,0,0,20,0,20,10.6,0,343.8,26.3,146.5,0,0,4.1,100,0,500,4.1,457.4,961.5,0,0,961.5,0,343.8,10.6,0,219.7,73.7,1352.1,2429.9,0,841.5,14,1352.1,0,2529.9,0,0,2804.9,0,2804.9,1357.1,1352.1,343.8,26.3,972,10,0,4.1,2529.9,0,1341.5,4.1,457.4,961.5,0,0,961.5,0,343.8,2709.1,0,219.7,73.7,10.6,366.2,0,6,14,10.6,0,466.2,0,0,20,0,20,10.6,0,343.8,26.3,146.5,0,100,461.5,100,0,500,461.5,457.4,1000,0,0,1000,0,343.8,10.6,0,0.000,14400000.000,0.000,1.000,available,available,available,available,available,available,available,available,available,available,available,available,available,available,available,available,available,available,available,available,available,available,available
blue_sky,P0000-00-00T00:00:00,32.000,755.8,73.7,693.5,1259.6,0,0,0,693.5,0,1359.6,0,0,0,0,0,693.5,0,284.1,26.3,503.8,10,0,45.7,100,0,130.7,45.7,272.8,449.3,0,0,449.3,0,284.1,693.5,0,755.8,73.7,824.3,1259.6,0,0,0,824.3,0,1359.6,0,0,0,0,0,829.3,824.3,284.1,26.3,503.8,10,0,45.7,1359.6,0,130.7,45.7,272.8,449.3,0,0,449.3,0,284.1,1653.6,0,755.8,73.7,693.5,1259.6,0,6,0,693.5,0,1359.6,0,0,20,0,20,693.5,0,659.4,26.3,503.8,10,100,318.6,100,0,500,318.6,272.8,1000,0,0,1000,0,659.4,693.5,0,0.000,14328000.000,0.000,0.995,available,available,available,available,available,available,available,available,available,available,available,available,available,available,available,available,available,available,available,available,available,available,available
blue_sky,P0000-00-00T00:00:00,33.000,663.1,73.7,0,1105.1,0,0,0,0,0.5,1205.1,0,0,0,0,0,5,773.8,295.4,26.3,442,10,0,39,100,0,0,0,0,41.5,39,2.5,0,41.5,295.4,778.8,412.2,663.1,73.7,0,1105.1,0,0,0,0,0.5,1205.1,0,0,0,0,0,5,773.8,295.4,26.3,442,10,0,39,1205.1,0,0,39,0,41.5,39,2.5,0,41.5,295.4,778.8,412.2,663.1,73.7,100,1105.1,0,6,0,417.2,0.5,1205.1,0,0,20,0,20,417.2,773.8,900.9,26.3,442,10,100,39,100,0,499.5,0,0,1000,39,2.5,958.5,41.5,900.9,1191,412.2,0.000,14328000.000,0.000,0.995,available,available,available,available,available,available,available,available,available,available,available,available,available,available,available,available,available,available,available,available,available,available,available
blue_sky,P0000-00-00T00:00:00,34.000,610.2,73.7,0,1017,0,0,0,0,0.5,1117,0,0,0,0,0,5,707.5,264.4,26.3,406.8,10,0,33.1,100,0,0,0,0,35.2,33.1,2.1,0,35.2,264.4,712.5,872.4,610.2,73.7,0,1017,0,0,0,0,0.5,1117,0,0,0,0,0,5,707.5,264.4,26.3,406.8,10,0,33.1,1117,0,0,33.1,0,35.2,33.1,2.1,0,35.2,264.4,712.5,872.4,610.2,73.7,100,1017.1,0,6,0,897.4,0.5,1117.1,0,0,20,0,20,877.4,707.5,870.4,26.3,406.8,10,100,33.1,100,0,500,0,0,1000,33.1,2.1,964.8,35.2,870.4,1584.9,872.4,16200.000,14328000.000,0.225,0.995,available,available,available,available,available,available,available,available,available,available,available,available,available,available,available,available,available,available,available,available,available,available,available
blue_sky,P0000-00-00T00:00:00,35.000,594.3,73.7,0,990.5,0,0,0,0,0.5,1090.5,0,0,0,0,0,5,679.8,247.3,26.3,396.2,10,0,27,100,0,0,0,0,28.7,27,1.7,0,28.7,247.3,684.8,1135.9,594.3,73.7,0,990.5,0,0,0,0,0.5,1090.5,0,0,0,0,0,5,679.8,247.3,26.3,396.2,10,0,27,1090.5,0,0,27,0,28.7,27,1.7,0,28.7,247.3,684.8,1135.9,594.3,73.7,100,990.5,0,6,0,1160.9,0.5,1090.5,0,0,20,0,20,1140.9,679.8,853.3,26.3,396.2,10,100,27,100,0,500,0,0,1000,27,1.7,971.3,28.7,853.3,1820.7,1135.9,32400.000,14328000.000,0.450,0.995,available,available,available,available,available,available,available,available,available,available,available,available,available,available,available,available,available,available,available,available,available,available,available
blue_sky,P0000-00-00T00:00:00,36.000,876.5,73.7,0,1460.9,0,0,0,0,0.5,1560.9,0,0,0,0,0,5,856.6,235.9,26.3,584.4,10,0,24.3,100,0,0,0,0,25.9,24.3,1.6,0,25.9,235.9,861.6,1091.3,876.5,73.7,0,1460.9,0,0,0,0,0.5,1560.9,0,0,0,0,0,5,856.6,235.9,26.3,584.4,10,0,24.3,1560.9,0,0,24.3,0,25.9,24.3,1.6,0,25.9,235.9,861.6,1091.3,876.5,73.7,100,1460.9,0,6,0,1116.3,0.5,1560.9,0,0,20,0,20,1096.3,856.6,841.9,26.3,584.4,10,100,24.3,100,0,500,0,0,1000,24.3,1.6,974.1,25.9,841.9,1952.9,1091.3,48600.000,14328000.000,0.675,0.995,available,available,available,available,available,available,available,available,available,available,available,available,available,available,available,available,available,available,available,available,available,available,available
blue_sky,P0000-00-00T00:00:00,37.000,652.9,73.7,0,1088.1,0,0,0,0,0.5,1188.1,0,0,0,0,0,5,705,233.4,26.3,435.2,10,0,22.9,100,0,0,0,0,24.3,22.9,1.5,0,24.3,233.4,710,1089.1,652.9,73.7,0,1088.1,0,0,0,0,0.5,1188.1,0,0,0,0,0,5,705,233.4,26.3,435.2,10,0,22.9,1188.1,0,0,22.9,0,24.3,22.9,1.5,0,24.3,233.4,710,1089.1,652.9,73.7,100,1088.1,0,6,0,1114.1,0.5,1188.1,0,0,20,0,20,1094.1,705,839.4,26.3,435.2,10,100,22.9,100,0,500,0,0,1000,22.9,1.5,975.7,24.3,839.4,1799.1,1089.1,64800.000,14328000.000,0.900,0.995,available,available,available,available,available,available,available,available,available,available,available,available,available,available,available,available,available,available,available,available,available,available,available
blue_sky,P0000-00-00T00:00:00,37.444,652.9,73.7,0,1088.1,0,0,0,0,0,1188.1,0,0,0,0,0,0,705,233.4,26.3,435.2,10,0,22.9,100,0,0,0,0,24.3,22.9,1.5,0,24.3,233.4,705,1094.1,652.9,73.7,0,1088.1,0,0,0,0,0,1188.1,0,0,0,0,0,0,705,233.4,26.3,435.2,10,0,22.9,1188.1,0,0,22.9,0,24.3,22.9,1.5,0,24.3,233.4,705,1094.1,652.9,73.7,100,1088.1,0,6,0,1114.1,0,1188.1,0,0,20,0,20,1094.1,705,839.4,26.3,435.2,10,100,22.9,100,0,500,0,0,1000,22.9,1.5,975.7,24.3,839.4,1799.1,1094.1,72000.000,14328000.000,1.000,0.995,available,available,available,available,available,available,available,available,available,available,available,available,available,available,available,available,available,available,available,available,available,available,available
blue_sky,P0000-00-00T00:00:00,38.000,647.7,73.7,0,1079.5,0,0,0,0,0,1179.5,0,0,0,0,0,0,688.9,220.8,26.3,431.8,10,0,26.7,100,0,0,0,0,28.4,26.7,1.7,0,28.4,220.8,688.9,378.3,647.7,73.7,0,1079.5,0,0,0,0,0,1179.5,0,0,0,0,0,0,688.9,220.8,26.3,431.8,10,0,26.7,1179.5,0,0,26.7,0,28.4,26.7,1.7,0,28.4,220.8,688.9,378.3,647.7,73.7,100,1079.5,0,6,0,398.3,0,1179.5,0,0,20,0,20,378.3,688.9,826.8,26.3,431.8,10,100,26.7,100,0,500,0,0,1000,26.7,1.7,971.6,28.4,826.8,1067.2,378.3,72000.000,14328000.000,1.000,0.995,available,available,available,available,available,available,available,available,available,available,available,available,available,available,available,available,available,available,available,available,available,available,available
blue_sky,P0000-00-00T00:00:00,39.000,636.4,73.7,416,1060.7,0,0,0,416,0,1160.7,0,0,0,0,0,396,0,213.8,26.3,424.3,10,0,29.9,100,0,258.4,29.9,272.7,561,0,0,561,0,213.8,396,0,636.4,73.7,674.4,1060.7,0,0,0,674.4,0,1160.7,0,0,0,0,0,674.4,674.4,213.8,26.3,424.3,10,0,29.9,1160.7,0,258.4,29.9,272.7,561,0,0,561,0,213.8,1348.8,0,636.4,73.7,416,1060.7,0,6,0,416,0,1160.7,0,0,20,0,20,396,0,461.4,26.3,424.3,10,100,302.6,100,0,500,302.6,272.7,1000,0,0,1000,0,461.4,396,0,72000.000,14328000.000,1.000,0.995,available,available,available,available,available,available,available,available,available,available,available,available,available,available,available,available,available,available,available,available,available,available,available
blue_sky,P0000-00-00T00:00:00,39.200,636.4,73.7,416,1060.7,0,0,0,416,0,1160.7,0,0,0,0,0,396,0,213.8,26.3,424.3,10,0,29.9,100,0,258.4,29.9,272.7,561,0,0,561,0,213.8,396,0,636.4,73.7,674.4,1060.7,0,0,0,674.4,0,1160.7,0,0,0,0,0,679.4,674.4,213.8,26.3,424.3,10,0,29.9,1160.7,0,258.4,29.9,272.7,561,0,0,561,0,213.8,1353.8,0,636.4,73.7,416,1060.7,0,6,0,416,0,1160.7,0,0,20,0,20,396,0,461.4,26.3,424.3,10,100,302.6,100,0,500,302.6,272.7,1000,0,0,1000,0,461.4,396,0,57600.000,14328000.000,0.800,0.995,available,available,available,available,available,available,available,available,available,available,available,available,available,available,available,available,available,available,available,available,available,available,available
blue_sky,P0000-00-00T00:00:00,40.000,403.4,73.7,0,672.4,0,6,14,0,0,772.4,0,0,20,0,20,0,0,210.7,26.3,269,0,0,26.7,100,0,500,26.7,434.9,961.5,0,0,961.5,0,210.7,0,0,403.4,73.7,643.4,990.9,0,143.4,14,643.4,0,1090.9,0,0,478,0,478,648.4,643.4,210.7,26.3,396.4,10,0,26.7,1090.9,0,643.4,26.7,434.9,961.5,0,0,961.5,0,210.7,1291.8,0,403.4,73.7,0,672.4,0,6,14,0,0,772.4,0,0,20,0,20,0,0,210.7,26.3,269,0,100,461.5,100,0,500,461.5,434.9,1000,0,0,1000,0,210.7,0,0,0.000,14328000.000,0.000,0.995,available,available,available,available,available,available,available,available,available,available,available,available,available,available,available,available,available,available,available,available,available,available,available
blue_sky,P0000-00-00T00:00:00,41.000,384,73.7,0,639.9,0,6,14,0,0,739.9,0,0,20,0,20,0,0,223.7,26.3,256,0,0,24.3,100,0,500,24.3,437.2,961.5,0,0,961.5,0,223.7,0,0,384,73.7,729.6,1173.8,0,229.6,14,729.6,0,1273.8,0,0,765.2,0,765.2,734.6,729.6,223.7,26.3,469.5,10,0,24.3,1273.8,0,729.6,24.3,437.2,961.5,0,0,961.5,0,223.7,1464.1,0,384,73.7,0,639.9,0,6,14,0,0,739.9,0,0,20,0,20,0,0,223.7,26.3,256,0,100,461.5,100,0,500,461.5,437.2,1000,0,0,1000,0,223.7,0,0,0.000,14256000.000,0.000,0.990,available,available,available,available,available,available,available,available,available,available,available,available,available,available,available,available,available,available,available,available,available,available,available
blue_sky,P0000-00-00T00:00:00,42.000,106.2,73.7,0,177,0,0,0,0,0,277,0,0,0,0,0,0,0,219.2,26.3,70.8,10,0,27.3,100,0,326.3,27.3,243.4,596.9,0,0,596.9,0,219.2,0,0,106.2,73.7,326.3,177,0,0,0,326.3,0,277,0,0,0,0,0,331.3,326.3,219.2,26.3,70.8,10,0,27.3,277,0,326.3,27.3,243.4,596.9,0,0,596.9,0,219.2,657.6,0,106.2,73.7,0,177,0,6,0,0,0,277,0,0,20,0,20,0,0,398.9,26.3,70.8,10,100,270.6,100,0,500,270.6,243.4,1000,0,0,1000,0,398.9,0,0,0.000,14184000.000,0.000,0.985,available,available,available,available,available,available,available,available,available,available,available,available,available,available,available,available,available,available,available,available,available,available,available
blue_sky,P0000-00-00T00:00:00,43.000,106.2,73.7,0,177,0,0,0,0,0,277,0,0,0,0,0,0,0,186.3,26.3,70.8,10,0,26.7,100,0,293.4,26.7,260.9,581,0,0,581,0,186.3,0,0,106.2,73.7,293.4,177,0,0,0,293.4,0,277,0,0,0,0,0,298.4,293.4,186.3,26.3,70.8,10,0,26.7,277,0,293.4,26.7,260.9,581,0,0,581,0,186.3,591.8,0,106.2,73.7,0,177,0,6,0,0,0,277,0,0,20,0,20,0,0,398.9,26.3,70.8,10,100,287.6,100,0,500,287.6,260.9,1000,0,0,1000,0,398.9,0,0,0.000,14184000.000,0.000,0.985,available,available,available,available,available,available,available,available,available,available,available,available,available,available,available,available,available,available,available,available,available,available,available
blue_sky,P0000-00-00T00:00:00,44.000,92.6,73.7,0,154.4,0,0,0,0,0,254.4,0,0,0,0,0,0,0,185.7,26.3,61.7,10,0,22.9,100,0,283.7,22.9,269.3,575.8,0,0,575.8,0,185.7,0,0,92.6,73.7,283.7,154.4,0,0,0,283.7,0,254.4,0,0,0,0,0,288.7,283.7,185.7,26.3,61.7,10,0,22.9,254.4,0,283.7,22.9,269.3,575.8,0,0,575.8,0,185.7,572.4,0,92.6,73.7,0,154.4,0,6,0,0,0,254.4,0,0,20,0,20,0,0,407.9,26.3,61.7,10,100,292.1,100,0,500,292.1,269.3,1000,0,0,1000,0,407.9,0,0,0.000,14184000.000,0.000,0.985,available,available,available,available,available,available,available,available,available,available,available,available,available,available,available,available,available,available,available,available,available,available,available
blue_sky,P0000-00-00T00:00:00,45.000,92,73.7,0,153.3,0,0,0,0,0,253.3,0,0,0,0,0,0,0,173.1,26.3,61.3,10,0,21.1,100,0,270.8,21.1,276.6,568.5,0,0,568.5,0,173.1,0,0,92,73.7,270.8,153.3,0,0,0,270.8,0,253.3,0,0,0,0,0,275.8,270.8,173.1,26.3,61.3,10,0,21.1,253.3,0,270.8,21.1,276.6,568.5,0,0,568.5,0,173.1,546.6,0,92,73.7,0,153.3,0,6,0,0,0,253.3,0,0,20,0,20,0,0,408.4,26.3,61.3,10,100,297.7,100,0,500,297.7,276.6,1000,0,0,1000,0,408.4,0,0,0.000,14184000.000,0.000,0.985,available,available,available,available,available,available,available,available,available,available,available,available,available,available,available,available,available,available,available,available,available,available,available
blue_sky,P0000-00-00T00:00:00,46.000,79,73.7,0,131.7,0,0,0,0,0,231.7,0,0,0,0,0,0,0,172.2,26.3,52.7,10,0,18.5,100,0,261.2,18.5,283,562.7,0,0,562.7,0,172.2,0,0,79,73.7,261.2,131.7,0,0,0,261.2,0,231.7,0,0,0,0,0,266.2,261.2,172.2,26.3,52.7,10,0,18.5,231.7,0,261.2,18.5,283,562.7,0,0,562.7,0,172.2,527.5,0,79,73.7,0,131.7,0,6,0,0,0,231.7,0,0,20,0,20,0,0,417,26.3,52.7,10,100,301.5,100,0,500,301.5,283,1000,0,0,1000,0,417,0,0,0.000,14184000.000,0.000,0.985,available,available,available,available,available,available,available,available,available,available,available,available,available,available,available,available,available,available,available,available,available,available,available
blue_sky,P0000-00-00T00:00:00,47.000,72.2,73.7,0,120.4,0,0,0,0,0,220.4,0,0,0,0,0,0,0,47.7,26.3,48.2,10,0,0,100,0,132.2,0,319.1,451.2,0,0,451.2,0,47.7,0,0,72.2,73.7,132.2,120.4,0,0,0,132.2,0,220.4,0,0,0,0,0,137.2,132.2,47.7,26.3,48.2,10,0,0,220.4,0,132.2,0,319.1,451.2,0,0,451.2,0,47.7,269.3,0,72.2,73.7,0,120.4,0,6,0,0,0,220.4,0,0,20,0,20,0,0,421.5,26.3,48.2,10,100,319.1,100,0,500,319.1,319.1,1000,0,0,1000,0,421.5,0,0,0.000,14184000.000,0.000,0.985,available,available,available,available,available,available,available,available,available,available,available,available,available,available,available,available,available,available,available,available,available,available,available
blue_sky,P0000-00-00T00:00:00,48.000,71.6,73.7,0,119.4,0,0,0,0,0,219.4,0,0,0,0,0,0,0,49,26.3,47.8,10,0,3.2,100,0,133,3.2,316.2,452.4,0,0,452.4,0,49,0,0,71.6,73.7,133,119.4,0,0,0,133,0,219.4,0,0,0,0,0,138,133,49,26.3,47.8,10,0,3.2,219.4,0,133,3.2,316.2,452.4,0,0,452.4,0,49,271.1,0,71.6,73.7,0,119.4,0,6,0,0,0,219.4,0,0,20,0,20,0,0,421.9,26.3,47.8,10,100,319.4,100,0,500,319.4,316.2,1000,0,0,1000,0,421.9,0,0,0.000,14184000.000,0.000,0.985,available,available,available,available,available,available,available,available,available,available,available,available,available,available,available,available,available,available,available,available,available,available,available
hurricane,P0000-00-00T00:00:00,0.000,71.6,73.7,20,119.4,0,0,0,20,0,219.4,0,0,0,0,0,0,0,187.5,26.3,47.8,10,0,29.6,100,0,251.6,29.6,275.4,556.6,0,0,556.6,0,187.5,0,0,71.6,73.7,271.6,119.4,0,0,0,271.6,0,219.4,0,0,0,0,0,271.6,271.6,187.5,26.3,47.8,10,0,29.6,219.4,0,251.6,29.6,275.4,556.6,0,0,556.6,0,187.5,543.1,0,71.6,73.7,20,119.4,0,6,0,20,0,219.4,0,0,20,0,20,0,0,441.9,26.3,47.8,10,100,305,100,0,500,305,275.4,1000,0,0,1000,0,441.9,0,0,72000.000,14400000.000,1.000,1.000,available,available,available,available,available,available,available,available,available,available,available,available,available,available,available,available,available,available,available,available,available,available,available
hurricane,P0000-00-00T00:00:00,0.200,71.6,73.7,20,119.4,0,0,0,20,0,219.4,0,0,0,0,0,0,0,187.5,26.3,47.8,10,0,29.6,100,0,251.6,29.6,275.4,556.6,0,0,556.6,0,187.5,0,0,71.6,73.7,271.6,119.4,0,0,0,271.6,0,219.4,0,0,0,0,0,276.6,271.6,187.5,26.3,47.8,10,0,29.6,219.4,0,251.6,29.6,275.4,556.6,0,0,556.6,0,187.5,548.1,0,71.6,73.7,20,119.4,0,6,0,20,0,219.4,0,0,20,0,20,0,0,441.9,26.3,47.8,10,100,305,100,0,500,305,275.4,1000,0,0,1000,0,441.9,0,0,57600.000,14400000.000,0.800,1.000,available,available,available,available,available,available,available,available,available,available,available,available,available,available,available,available,available,available,available,available,available,available,available
hurricane,P0000-00-00T00:00:00,1.000,72.2,73.7,0,120.4,0,0,0,0,0,220.4,0,0,0,0,0,0,0,146.3,26.3,48.2,10,0,16.7,100,0,230.8,16.7,296.3,543.8,0,0,543.8,0,146.3,0,0,72.2,73.7,230.8,120.4,0,0,0,230.8,0,220.4,0,0,0,0,0,235.8,230.8,146.3,26.3,48.2,10,0,16.7,220.4,0,230.8,16.7,296.3,543.8,0,0,543.8,0,146.3,466.5,0,72.2,73.7,0,120.4,0,6,0,0,0,220.4,0,0,20,0,20,0,0,421.5,26.3,48.2,10,100,313,100,0,500,313,296.3,1000,0,0,1000,0,421.5,0,0,0.000,14400000.000,0.000,1.000,available,available,available,available,available,available,available,available,available,available,available,available,available,available,available,available,available,available,available,available,available,available,available
hurricane,P0000-00-00T00:00:00,2.000,72.2,73.7,0,120.4,0,0,0,0,0,220.4,0,0,0,0,0,0,0,137.3,26.3,48.2,10,0,17,100,0,221.8,17,299,537.8,0,0,537.8,0,137.3,0,0,72.2,73.7,221.8,120.4,0,0,0,221.8,0,220.4,0,0,0,0,0,226.8,221.8,137.3,26.3,48.2,10,0,17,220.4,0,221.8,17,299,537.8,0,0,537.8,0,137.3,448.6,0,72.2,73.7,0,120.4,0,6,0,0,0,220.4,0,0,20,0,20,0,0,421.5,26.3,48.2,10,100,316,100,0,500,316,299,1000,0,0,1000,0,421.5,0,0,0.000,14400000.000,0.000,1.000,available,available,available,available,available,available,available,available,available,available,available,available,available,available,available,available,available,available,available,available,available,available,available
hurricane,P0000-00-00T00:00:00,3.000,71.6,73.7,0,119.4,0,0,0,0,0,219.4,0,0,0,0,0,0,0,170.3,26.3,47.8,10,0,23.4,100,0,254.4,23.4,280.6,558.4,0,0,558.4,0,170.3,0,0,71.6,73.7,254.4,119.4,0,0,0,254.4,0,219.4,0,0,0,0,0,259.4,254.4,170.3,26.3,47.8,10,0,23.4,219.4,0,254.4,23.4,280.6,558.4,0,0,558.4,0,170.3,513.7,0,71.6,73.7,0,119.4,0,6,0,0,0,219.4,0,0,20,0,20,0,0,421.9,26.3,47.8,10,100,304,100,0,500,304,280.6,1000,0,0,1000,0,421.9,0,0,0.000,14400000.000,0.000,1.000,available,available,available,available,available,available,available,available,available,available,available,available,available,available,available,available,available,available,available,available,available,available,available
hurricane,P0000-00-00T00:00:00,4.000,72.2,73.7,0,120.4,0,0,0,0,0,220.4,0,0,0,0,0,0,0,139.1,26.3,48.2,10,0,17.6,100,0,223.5,17.6,297.9,539,0,0,539,0,139.1,0,0,72.2,73.7,223.5,120.4,0,0,0,223.5,0,220.4,0,0,0,0,0,228.5,223.5,139.1,26.3,48.2,10,0,17.6,220.4,0,223.5,17.6,297.9,539,0,0,539,0,139.1,452.1,0,72.2,73.7,0,120.4,0,6,0,0,0,220.4,0,0,20,0,20,0,0,421.5,26.3,48.2,10,100,315.5,100,0,500,315.5,297.9,1000,0,0,1000,0,421.5,0,0,0.000,14400000.000,0.000,1.000,available,available,available,available,available,available,available,available,available,available,available,available,available,available,available,available,available,available,available,available,available,available,available
hurricane,P0000-00-00T00:00:00,5.000,72.2,73.7,0,120.4,0,0,0,0,0,220.4,0,0,0,0,0,0,0,171.9,26.3,48.2,10,0,23.7,100,0,256.4,23.7,279.5,559.7,0,0,559.7,0,171.9,0,0,72.2,73.7,256.4,120.4,0,0,0,256.4,0,220.4,0,0,0,0,0,261.4,256.4,171.9,26.3,48.2,10,0,23.7,220.4,0,256.4,23.7,279.5,559.7,0,0,559.7,0,171.9,517.8,0,72.2,73.7,0,120.4,0,6,0,0,0,220.4,0,0,20,0,20,0,0,421.5,26.3,48.2,10,100,303.3,100,0,500,303.3,279.5,1000,0,0,1000,0,421.5,0,0,0.000,14400000.000,0.000,1.000,available,available,available,available,available,available,available,available,available,available,available,available,available,available,available,available,available,available,available,available,available,available,available
hurricane,P0000-00-00T00:00:00,6.000,72.3,73.7,0,120.4,0,0,0,0,0,220.4,0,0,0,0,0,0,0,140.1,26.3,48.2,10,0,17.9,100,0,224.5,17.9,297.3,539.7,0,0,539.7,0,140.1,0,0,72.3,73.7,224.5,120.4,0,0,0,224.5,0,220.4,0,0,0,0,0,229.5,224.5,140.1,26.3,48.2,10,0,17.9,220.4,0,224.5,17.9,297.3,539.7,0,0,539.7,0,140.1,454.1,0,72.3,73.7,0,120.4,0,6,0,0,0,220.4,0,0,20,0,20,0,0,421.5,26.3,48.2,10,100,315.1,100,0,500,315.1,297.3,1000,0,0,1000,0,421.5,0,0,0.000,14400000.000,0.000,1.000,available,available,available,available,available,available,available,available,available,available,available,available,available,available,available,available,available,available,available,available,available,available,available
hurricane,P0000-00-00T00:00:00,7.000,72.9,73.7,14.4,121.5,0,0,0,14.4,0,221.5,0,0,0,0,0,14.4,0,173.4,26.3,48.6,10,0,24,100,0,244,24,284,552,0,0,552,0,173.4,14.4,0,72.9,73.7,258.3,121.5,0,0,0,258.3,0,221.5,0,0,0,0,0,263.3,258.3,173.4,26.3,48.6,10,0,24,221.5,0,244,24,284,552,0,0,552,0,173.4,521.7,0,72.9,73.7,14.4,121.5,0,6,0,14.4,0,221.5,0,0,20,0,20,14.4,0,435.4,26.3,48.6,10,100,308,100,0,500,308,284,1000,0,0,1000,0,435.4,14.4,0,0.000,14400000.000,0.000,1.000,available,available,available,available,available,available,available,available,available,available,available,available,available,available,available,available,available,available,available,available,available,available,available
hurricane,P0000-00-00T00:00:00,8.000,72.4,73.7,0,120.6,0,0,0,0,0.5,220.6,0,0,0,0,0,5,212.1,127.5,26.3,48.2,10,0,17.9,100,0,0,0,0,19,17.9,1.1,0,19,127.5,217.1,454.7,72.4,73.7,0,120.6,0,0,0,0,0.5,220.6,0,0,0,0,0,5,212.1,127.5,26.3,48.2,10,0,17.9,220.6,0,0,17.9,0,19,17.9,1.1,0,19,127.5,217.1,454.7,72.4,73.7,100,120.6,0,6,0,459.7,0.5,220.6,0,0,20,0,20,459.7,212.1,733.5,26.3,48.2,10,100,17.9,100,0,500,0,0,1000,17.9,1.1,981,19,733.5,671.8,454.7,0.000,14400000.000,0.000,1.000,available,available,available,available,available,available,available,available,available,available,available,available,available,available,available,available,available,available,available,available,available,available,available
hurricane,P0000-00-00T00:00:00,9.000,72.2,73.7,0,120.3,0,0,0,0,0.5,220.3,0,0,0,0,0,5,220.2,135.8,26.3,48.1,10,0,23.4,100,0,0,0,0,24.9,23.4,1.5,0,24.9,135.8,225.2,1040.7,72.2,73.7,0,120.3,0,0,0,0,0.5,220.3,0,0,0,0,0,5,220.2,135.8,26.3,48.1,10,0,23.4,220.3,0,0,23.4,0,24.9,23.4,1.5,0,24.9,135.8,225.2,1040.7,72.2,73.7,100,120.3,0,6,0,1065.7,0.5,220.3,0,0,20,0,20,1045.7,220.2,741.8,26.3,48.1,10,100,23.4,100,0,500,0,0,1000,23.4,1.5,975.1,24.9,741.8,1265.9,1040.7,16200.000,14400000.000,0.225,1.000,available,available,available,available,available,available,available,available,available,available,available,available,available,available,available,available,available,available,available,available,available,available,available
hurricane,P0000-00-00T00:00:00,10.000,71.7,73.7,0,119.5,0,0,0,0,0.5,219.5,0,0,0,0,0,5,179.3,95.2,26.3,47.8,10,0,16.4,100,0,0,0,0,17.5,16.4,1,0,17.5,95.2,184.3,1398.9,71.7,73.7,0,119.5,0,0,0,0,0.5,219.5,0,0,0,0,0,5,179.3,95.2,26.3,47.8,10,0,16.4,219.5,0,0,16.4,0,17.5,16.4,1,0,17.5,95.2,184.3,1398.9,71.7,73.7,100,119.5,0,6,0,1423.9,0.5,219.5,0,0,20,0,20,1403.9,179.3,701.2,26.3,47.8,10,100,16.4,100,0,500,0,0,1000,16.4,1,982.5,17.5,701.2,1583.2,1398.9,32400.000,14400000.000,0.450,1.000,available,available,available,available,available,available,available,available,available,available,available,available,available,available,available,available,available,available,available,available,available,available,available
hurricane,P0000-00-00T00:00:00,11.000,72.2,73.7,0,120.4,0,0,0,0,0.5,220.4,0,0,0,0,0,5,192.1,107.6,26.3,48.2,10,0,18.8,100,0,0,0,0,20,18.8,1.2,0,20,107.6,197.1,1636.6,72.2,73.7,0,120.4,0,0,0,0,0.5,220.4,0,0,0,0,0,5,192.1,107.6,26.3,48.2,10,0,18.8,220.4,0,0,18.8,0,20,18.8,1.2,0,20,107.6,197.1,1636.6,72.2,73.7,100,120.4,0,6,0,1661.6,0.5,220.4,0,0,20,0,20,1641.6,192.1,713.6,26.3,48.2,10,100,18.8,100,0,500,0,0,1000,18.8,1.2,980,20,713.6,1833.7,1636.6,48600.000,14400000.000,0.675,1.000,available,available,available,available,available,available,available,available,available,available,available,available,available,available,available,available,available,available,available,available,available,available,available
hurricane,P0000-00-00T00:00:00,12.000,72.2,73.7,0,120.4,0,0,0,0,0.5,220.4,0,0,0,0,0,5,165.7,81.2,26.3,48.2,10,0,14.4,100,0,0,0,0,15.3,14.4,0.9,0,15.3,81.2,170.7,1752.2,72.2,73.7,0,120.4,0,0,0,0,0.5,220.4,0,0,0,0,0,5,165.7,81.2,26.3,48.2,10,0,14.4,220.4,0,0,14.4,0,15.3,14.4,0.9,0,15.3,81.2,170.7,1752.2,72.2,73.7,100,120.4,0,6,0,1777.2,0.5,220.4,0,0,20,0,20,1757.2,165.7,687.2,26.3,48.2,10,100,14.4,100,0,500,0,0,1000,14.4,0.9,984.7,15.3,687.2,1922.9,1752.2,64800.000,14400000.000,0.900,1.000,available,available,available,available,available,available,available,available,available,available,available,available,available,available,available,available,available,available,available,available,available,available,available
hurricane,P0000-00-00T00:00:00,12.444,72.2,73.7,0,120.4,0,0,0,0,0,220.4,0,0,0,0,0,0,165.7,81.2,26.3,48.2,10,0,14.4,100,0,0,0,0,15.3,14.4,0.9,0,15.3,81.2,165.7,1757.2,72.2,73.7,0,120.4,0,0,0,0,0,220.4,0,0,0,0,0,0,165.7,81.2,26.3,48.2,10,0,14.4,220.4,0,0,14.4,0,15.3,14.4,0.9,0,15.3,81.2,165.7,1757.2,72.2,73.7,100,120.4,0,6,0,1777.2,0,220.4,0,0,20,0,20,1757.2,165.7,687.2,26.3,48.2,10,100,14.4,100,0,500,0,0,1000,14.4,0.9,984.7,15.3,687.2,1922.9,1757.2,72000.000,14400000.000,1.000,1.000,available,available,available,available,available,available,available,available,available,available,available,available,available,available,available,available,available,available,available,available,available,available,available
hurricane,P0000-00-00T00:00:00,13.000,71.6,73.7,0,119.4,0,0,0,0,0,219.4,0,0,0,0,0,0,183,98.9,26.3,47.8,10,0,16.1,100,0,0,0,0,17.1,16.1,1,0,17.1,98.9,183,1566.4,71.6,73.7,0,119.4,0,0,0,0,0,219.4,0,0,0,0,0,0,183,98.9,26.3,47.8,10,0,16.1,219.4,0,0,16.1,0,17.1,16.1,1,0,17.1,98.9,183,1566.4,71.6,73.7,100,119.4,0,6,0,1586.4,0,219.4,0,0,20,0,20,1566.4,183,704.9,26.3,47.8,10,100,16.1,100,0,500,0,0,1000,16.1,1,982.9,17.1,704.9,1749.4,1566.4,72000.000,14400000.000,1.000,1.000,available,available,available,available,available,available,available,available,available,available,available,available,available,available,available,available,available,available,available,available,available,available,available
hurricane,P0000-00-00T00:00:00,14.000,72.2,73.7,0,120.4,0,0,0,0,0,220.4,0,0,0,0,0,0,164.6,80.1,26.3,48.2,10,0,10.6,100,0,0,0,0,11.2,10.6,0.7,0,11.2,80.1,164.6,830.1,72.2,73.7,0,120.4,0,0,0,0,0,220.4,0,0,0,0,0,0,164.6,80.1,26.3,48.2,10,0,10.6,220.4,0,0,10.6,0,11.2,10.6,0.7,0,11.2,80.1,164.6,830.1,72.2,73.7,100,120.4,0,6,0,850.1,0,220.4,0,0,20,0,20,830.1,164.6,686.1,26.3,48.2,10,100,10.6,100,0,500,0,0,1000,10.6,0.7,988.8,11.2,686.1,994.7,830.1,72000.000,14400000.000,1.000,1.000,available,available,available,available,available,available,available,available,available,available,available,available,available,available,available,available,available,available,available,available,available,available,available
hurricane,P0000-00-00T00:00:00,15.000,72.2,73.7,0,120.4,0,0,0,0,0,220.4,0,0,0,0,0,0,181.7,97.2,26.3,48.2,10,0,13.8,100,0,0,0,0,14.7,13.8,0.9,0,14.7,97.2,181.7,286.7,72.2,73.7,0,120.4,0,0,0,0,0,220.4,0,0,0,0,0,0,181.7,97.2,26.3,48.2,10,0,13.8,220.4,0,0,13.8,0,14.7,13.8,0.9,0,14.7,97.2,181.7,286.7,72.2,73.7,100,120.4,0,6,0,306.7,0,220.4,0,0,20,0,20,286.7,181.7,703.2,26.3,48.2,10,100,13.8,100,0,500,0,0,1000,13.8,0.9,985.3,14.7,703.2,468.4,286.7,72000.000,14400000.000,1.000,1.000,available,available,available,available,available,available,available,available,available,available,available,available,available,available,available,available,available,available,available,available,available,available,available
hurricane,P0000-00-00T00:00:00,16.000,71.6,73.7,20,119.4,0,0,0,20,0,219.4,0,0,0,0,0,0,0,81,26.3,47.8,10,0,9.4,100,0,145.1,9.4,313.4,467.9,0,0,467.9,0,81,0,0,71.6,73.7,165.1,119.4,0,0,0,165.1,0,219.4,0,0,0,0,0,165.1,165.1,81,26.3,47.8,10,0,9.4,219.4,0,145.1,9.4,313.4,467.9,0,0,467.9,0,81,330.3,0,71.6,73.7,20,119.4,0,6,0,20,0,219.4,0,0,20,0,20,0,0,441.9,26.3,47.8,10,100,322.8,100,0,500,322.8,313.4,1000,0,0,1000,0,441.9,0,0,72000.000,14400000.000,1.000,1.000,available,available,available,available,available,available,available,available,available,available,available,available,available,available,available,available,available,available,available,available,available,available,available
hurricane,P0000-00-00T00:00:00,16.200,71.6,73.7,20,119.4,0,0,0,20,0,219.4,0,0,0,0,0,0,0,81,26.3,47.8,10,0,9.4,100,0,145.1,9.4,313.4,467.9,0,0,467.9,0,81,0,0,71.6,73.7,165.1,119.4,0,0,0,165.1,0,219.4,0,0,0,0,0,170.1,165.1,81,26.3,47.8,10,0,9.4,219.4,0,145.1,9.4,313.4,467.9,0,0,467.9,0,81,335.3,0,71.6,73.7,20,119.4,0,6,0,20,0,219.4,0,0,20,0,20,0,0,441.9,26.3,47.8,10,100,322.8,100,0,500,322.8,313.4,1000,0,0,1000,0,441.9,0,0,57600.000,14400000.000,0.800,1.000,available,available,available,available,available,available,available,available,available,available,available,available,available,available,available,available,available,available,available,available,available,available,available
hurricane,P0000-00-00T00:00:00,17.000,72.2,73.7,0,120.4,0,0,0,0,0,220.4,0,0,0,0,0,0,0,114.3,26.3,48.2,10,0,13.2,100,0,198.8,13.2,308.8,520.8,0,0,520.8,0,114.3,0,0,72.2,73.7,198.8,120.4,0,0,0,198.8,0,220.4,0,0,0,0,0,203.8,198.8,114.3,26.3,48.2,10,0,13.2,220.4,0,198.8,13.2,308.8,520.8,0,0,520.8,0,114.3,402.5,0,72.2,73.7,0,120.4,0,6,0,0,0,220.4,0,0,20,0,20,0,0,421.5,26.3,48.2,10,100,322,100,0,500,322,308.8,1000,0,0,1000,0,421.5,0,0,0.000,14400000.000,0.000,1.000,available,available,available,available,available,available,available,available,available,available,available,available,available,available,available,available,available,available,available,available,available,available,available
hurricane,P0000-00-00T00:00:00,18.000,72.3,73.7,0,120.4,0,0,0,0,0,220.4,0,0,0,0,0,0,0,102.7,26.3,48.2,10,0,9.4,100,0,187.1,9.4,314.5,511.1,0,0,511.1,0,102.7,0,0,72.3,73.7,187.1,120.4,0,0,0,187.1,0,220.4,0,0,0,0,0,192.1,187.1,102.7,26.3,48.2,10,0,9.4,220.4,0,187.1,9.4,314.5,511.1,0,0,511.1,0,102.7,379.3,0,72.3,73.7,0,120.4,0,6,0,0,0,220.4,0,0,20,0,20,0,0,421.5,26.3,48.2,10,100,323.9,100,0,500,323.9,314.5,1000,0,0,1000,0,421.5,0,0,0.000,14400000.000,0.000,1.000,available,available,available,available,available,available,available,available,available,available,available,available,available,available,available,available,available,available,available,available,available,available,available
hurricane,P0000-00-00T00:00:00,19.000,72.3,73.7,0,120.4,0,0,0,0,0,220.4,0,0,0,0,0,0,0,125.7,26.3,48.2,10,0,13.5,100,0,210.2,13.5,305.9,529.5,0,0,529.5,0,125.7,0,0,72.3,73.7,210.2,120.4,0,0,0,210.2,0,220.4,0,0,0,0,0,215.2,210.2,125.7,26.3,48.2,10,0,13.5,220.4,0,210.2,13.5,305.9,529.5,0,0,529.5,0,125.7,425.3,0,72.3,73.7,0,120.4,0,6,0,0,0,220.4,0,0,20,0,20,0,0,421.5,26.3,48.2,10,100,319.4,100,0,500,319.4,305.9,1000,0,0,1000,0,421.5,0,0,0.000,14400000.000,0.000,1.000,available,available,available,available,available,available,available,available,available,available,available,available,available,available,available,available,available,available,available,available,available,available,available
hurricane,P0000-00-00T00:00:00,20.000,72.3,73.7,0,120.4,0,0,0,0,0,220.4,0,0,0,0,0,0,0,105.3,26.3,48.2,10,0,9.7,100,0,189.7,9.7,313.9,513.3,0,0,513.3,0,105.3,0,0,72.3,73.7,189.7,120.4,0,0,0,189.7,0,220.4,0,0,0,0,0,194.7,189.7,105.3,26.3,48.2,10,0,9.7,220.4,0,189.7,9.7,313.9,513.3,0,0,513.3,0,105.3,384.5,0,72.3,73.7,0,120.4,0,6,0,0,0,220.4,0,0,20,0,20,0,0,421.5,26.3,48.2,10,100,323.6,100,0,500,323.6,313.9,1000,0,0,1000,0,421.5,0,0,0.000,14400000.000,0.000,1.000,available,available,available,available,available,available,available,available,available,available,available,available,available,available,available,available,available,available,available,available,available,available,available
hurricane,P0000-00-00T00:00:00,21.000,72.2,73.7,0,120.4,0,0,0,0,0,220.4,0,0,0,0,0,0,0,125,26.3,48.2,10,0,12.3,100,0,209.5,12.3,307.2,529.1,0,0,529.1,0,125,0,0,72.2,73.7,209.5,120.4,0,0,0,209.5,0,220.4,0,0,0,0,0,214.5,209.5,125,26.3,48.2,10,0,12.3,220.4,0,209.5,12.3,307.2,529.1,0,0,529.1,0,125,424.1,0,72.2,73.7,0,120.4,0,6,0,0,0,220.4,0,0,20,0,20,0,0,421.5,26.3,48.2,10,100,319.5,100,0,500,319.5,307.2,1000,0,0,1000,0,421.5,0,0,0.000,14400000.000,0.000,1.000,available,available,available,available,available,available,available,available,available,available,available,available,available,available,available,available,available,available,available,available,available,available,available
hurricane,P0000-00-00T00:00:00,22.000,71.6,73.7,0,119.4,0,0,0,0,0,219.4,0,0,0,0,0,0,0,104.8,26.3,47.8,10,0,10.6,100,0,188.9,10.6,313.1,512.6,0,0,512.6,0,104.8,0,0,71.6,73.7,188.9,119.4,0,0,0,188.9,0,219.4,0,0,0,0,0,193.9,188.9,104.8,26.3,47.8,10,0,10.6,219.4,0,188.9,10.6,313.1,512.6,0,0,512.6,0,104.8,382.8,0,71.6,73.7,0,119.4,0,6,0,0,0,219.4,0,0,20,0,20,0,0,421.9,26.3,47.8,10,100,323.7,100,0,500,323.7,313.1,1000,0,0,1000,0,421.9,0,0,0.000,14400000.000,0.000,1.000,available,available,available,available,available,available,available,available,available,available,available,available,available,available,available,available,available,available,available,available,available,available,available
hurricane,P0000-00-00T00:00:00,23.000,72.2,73.7,0,120.4,0,0,0,0,0,220.4,0,0,0,0,0,0,0,126.5,26.3,48.2,10,0,13.5,100,0,211,13.5,305.7,530.1,0,0,530.1,0,126.5,0,0,72.2,73.7,211,120.4,0,0,0,211,0,220.4,0,0,0,0,0,216,211,126.5,26.3,48.2,10,0,13.5,220.4,0,211,13.5,305.7,530.1,0,0,530.1,0,126.5,426.9,0,72.2,73.7,0,120.4,0,6,0,0,0,220.4,0,0,20,0,20,0,0,421.5,26.3,48.2,10,100,319.2,100,0,500,319.2,305.7,1000,0,0,1000,0,421.5,0,0,0.000,14400000.000,0.000,1.000,available,available,available,available,available,available,available,available,available,available,available,available,available,available,available,available,available,available,available,available,available,available,available
hurricane,P0000-00-00T00:00:00,24.000,72.2,73.7,0,120.4,0,0,0,0,0,220.4,0,0,0,0,0,0,0,107.1,26.3,48.2,10,0,9.7,100,0,191.6,9.7,313.6,514.8,0,0,514.8,0,107.1,0,0,72.2,73.7,191.6,120.4,0,0,0,191.6,0,220.4,0,0,0,0,0,196.6,191.6,107.1,26.3,48.2,10,0,9.7,220.4,0,191.6,9.7,313.6,514.8,0,0,514.8,0,107.1,388.1,0,72.2,73.7,0,120.4,0,6,0,0,0,220.4,0,0,20,0,20,0,0,421.5,26.3,48.2,10,100,323.3,100,0,500,323.3,313.6,1000,0,0,1000,0,421.5,0,0,0.000,14400000.000,0.000,1.000,available,available,available,available,available,available,available,available,available,available,available,available,available,available,available,available,available,available,available,available,available,available,available
hurricane,P0000-00-00T00:00:00,25.000,72,73.7,0,120,0,0,0,0,0,220,0,0,0,0,0,0,0,135.6,26.3,48,10,0,13.5,100,0,219.9,13.5,303.1,536.5,0,0,536.5,0,135.6,0,0,72,73.7,219.9,120,0,0,0,219.9,0,220,0,0,0,0,0,224.9,219.9,135.6,26.3,48,10,0,13.5,220,0,219.9,13.5,303.1,536.5,0,0,536.5,0,135.6,444.8,0,72,73.7,0,120,0,6,0,0,0,220,0,0,20,0,20,0,0,421.7,26.3,48,10,100,316.6,100,0,500,316.6,303.1,1000,0,0,1000,0,421.7,0,0,0.000,14400000.000,0.000,1.000,available,available,available,available,available,available,available,available,available,available,available,available,available,available,available,available,available,available,available,available,available,available,available
hurricane,P0000-00-00T00:00:00,26.000,71.9,73.7,0,119.8,0,0,0,0,0,219.8,0,0,0,0,0,0,0,115.6,26.3,47.9,10,0,12.3,100,0,199.8,12.3,309.5,521.6,0,0,521.6,0,115.6,0,0,71.9,73.7,199.8,119.8,0,0,0,199.8,0,219.8,0,0,0,0,0,204.8,199.8,115.6,26.3,47.9,10,0,12.3,219.8,0,199.8,12.3,309.5,521.6,0,0,521.6,0,115.6,404.7,0,71.9,73.7,0,119.8,0,6,0,0,0,219.8,0,0,20,0,20,0,0,421.8,26.3,47.9,10,100,321.8,100,0,500,321.8,309.5,1000,0,0,1000,0,421.8,0,0,0.000,14400000.000,0.000,1.000,available,available,available,available,available,available,available,available,available,available,available,available,available,available,available,available,available,available,available,available,available,available,available
hurricane,P0000-00-00T00:00:00,27.000,72.2,73.7,0,120.4,0,0,0,0,0,220.4,0,0,0,0,0,0,0,137.5,26.3,48.2,10,0,14.1,100,0,222,14.1,301.9,537.9,0,0,537.9,0,137.5,0,0,72.2,73.7,222,120.4,0,0,0,222,0,220.4,0,0,0,0,0,227,222,137.5,26.3,48.2,10,0,14.1,220.4,0,222,14.1,301.9,537.9,0,0,537.9,0,137.5,448.9,0,72.2,73.7,0,120.4,0,6,0,0,0,220.4,0,0,20,0,20,0,0,421.5,26.3,48.2,10,100,316,100,0,500,316,301.9,1000,0,0,1000,0,421.5,0,0,0.000,14400000.000,0.000,1.000,available,available,available,available,available,available,available,available,available,available,available,available,available,available,available,available,available,available,available,available,available,available,available
hurricane,P0000-00-00T00:00:00,28.000,72.2,73.7,0,120.4,0,0,0,0,0,220.4,0,0,0,0,0,0,0,115.4,26.3,48.2,10,0,12.3,100,0,199.9,12.3,309.5,521.6,0,0,521.6,0,115.4,0,0,72.2,73.7,199.9,120.4,0,0,0,199.9,0,220.4,0,0,0,0,0,204.9,199.9,115.4,26.3,48.2,10,0,12.3,220.4,0,199.9,12.3,309.5,521.6,0,0,521.6,0,115.4,404.7,0,72.2,73.7,0,120.4,0,6,0,0,0,220.4,0,0,20,0,20,0,0,421.5,26.3,48.2,10,100,321.8,100,0,500,321.8,309.5,1000,0,0,1000,0,421.5,0,0,0.000,14400000.000,0.000,1.000,available,available,available,available,available,available,available,available,available,available,available,available,available,available,available,available,available,available,available,available,available,available,available
hurricane,P0000-00-00T00:00:00,29.000,78.4,73.7,0,130.7,0,0,0,0,0,230.7,0,0,0,0,0,0,0,133.8,26.3,52.3,10,0,13.5,100,0,222.4,13.5,302.3,538.3,0,0,538.3,0,133.8,0,0,78.4,73.7,222.4,130.7,0,0,0,222.4,0,230.7,0,0,0,0,0,227.4,222.4,133.8,26.3,52.3,10,0,13.5,230.7,0,222.4,13.5,302.3,538.3,0,0,538.3,0,133.8,449.9,0,78.4,73.7,0,130.7,0,6,0,0,0,230.7,0,0,20,0,20,0,0,417.4,26.3,52.3,10,100,315.8,100,0,500,315.8,302.3,1000,0,0,1000,0,417.4,0,0,0.000,14400000.000,0.000,1.000,available,available,available,available,available,available,available,available,available,available,available,available,available,available,available,available,available,available,available,available,available,available,available
hurricane,P0000-00-00T00:00:00,30.000,79,73.7,0,131.7,0,0,0,0,0,231.7,0,0,0,0,0,0,0,113.8,26.3,52.7,10,0,10.8,100,0,202.8,10.8,310.3,524,0,0,524,0,113.8,0,0,79,73.7,202.8,131.7,0,0,0,202.8,0,231.7,0,0,0,0,0,207.8,202.8,113.8,26.3,52.7,10,0,10.8,231.7,0,202.8,10.8,310.3,524,0,0,524,0,113.8,410.7,0,79,73.7,0,131.8,0,6,0,0,0,231.8,0,0,20,0,20,0,0,417,26.3,52.7,10,100,321.1,100,0,500,321.1,310.3,1000,0,0,1000,0,417,0,0,0.000,14400000.000,0.000,1.000,available,available,available,available,available,available,available,available,available,available,available,available,available,available,available,available,available,available,available,available,available,available,available
hurricane,P0000-00-00T00:00:00,31.000,219.7,73.7,10.6,366.2,0,6,14,10.6,0,466.2,0,0,20,0,20,10.6,0,343.8,26.3,146.5,0,0,4.1,100,0,500,4.1,457.4,961.5,0,0,961.5,0,343.8,10.6,0,219.7,73.7,1352.1,2429.9,0,841.5,14,1352.1,0,2529.9,0,0,2804.9,0,2804.9,1357.1,1352.1,343.8,26.3,972,10,0,4.1,2529.9,0,1341.5,4.1,457.4,961.5,0,0,961.5,0,343.8,2709.1,0,219.7,73.7,10.6,366.2,0,6,14,10.6,0,466.2,0,0,20,0,20,10.6,0,343.8,26.3,146.5,0,100,461.5,100,0,500,461.5,457.4,1000,0,0,1000,0,343.8,10.6,0,0.000,14400000.000,0.000,1.000,available,available,available,available,available,available,available,available,available,available,available,available,available,available,available,available,available,available,available,available,available,available,available
hurricane,P0000-00-00T00:00:00,32.000,755.8,73.7,693.5,1259.6,0,0,0,693.5,0,1359.6,0,0,0,0,0,693.5,0,284.1,26.3,503.8,10,0,45.7,100,0,130.7,45.7,272.8,449.3,0,0,449.3,0,284.1,693.5,0,755.8,73.7,824.3,1259.6,0,0,0,824.3,0,1359.6,0,0,0,0,0,829.3,824.3,284.1,26.3,503.8,10,0,45.7,1359.6,0,130.7,45.7,272.8,449.3,0,0,449.3,0,284.1,1653.6,0,755.8,73.7,693.5,1259.6,0,6,0,693.5,0,1359.6,0,0,20,0,20,693.5,0,659.4,26.3,503.8,10,100,318.6,100,0,500,318.6,272.8,1000,0,0,1000,0,659.4,693.5,0,0.000,14328000.000,0.000,0.995,available,available,available,available,available,available,available,available,available,available,available,available,available,available,available,available,available,available,available,available,available,available,available
hurricane,P0000-00-00T00:00:00,33.000,663.1,73.7,0,1105.1,0,0,0,0,0.5,1205.1,0,0,0,0,0,5,773.8,295.4,26.3,442,10,0,39,100,0,0,0,0,41.5,39,2.5,0,41.5,295.4,778.8,412.2,663.1,73.7,0,1105.1,0,0,0,0,0.5,1205.1,0,0,0,0,0,5,773.8,295.4,26.3,442,10,0,39,1205.1,0,0,39,0,41.5,39,2.5,0,41.5,295.4,778.8,412.2,663.1,73.7,100,1105.1,0,6,0,417.2,0.5,1205.1,0,0,20,0,20,417.2,773.8,900.9,26.3,442,10,100,39,100,0,499.5,0,0,1000,39,2.5,958.5,41.5,900.9,1191,412.2,0.000,14328000.000,0.000,0.995,available,available,available,available,available,available,available,available,available,available,available,available,available,available,available,available,available,available,available,available,available,available,available
hurricane,P0000-00-00T00:00:00,34.000,610.2,73.7,0,1017,0,0,0,0,0.5,1117,0,0,0,0,0,5,707.5,264.4,26.3,406.8,10,0,33.1,100,0,0,0,0,35.2,33.1,2.1,0,35.2,264.4,712.5,872.4,610.2,73.7,0,1017,0,0,0,0,0.5,1117,0,0,0,0,0,5,707.5,264.4,26.3,406.8,10,0,33.1,1117,0,0,33.1,0,35.2,33.1,2.1,0,35.2,264.4,712.5,872.4,610.2,73.7,100,1017.1,0,6,0,897.4,0.5,1117.1,0,0,20,0,20,877.4,707.5,870.4,26.3,406.8,10,100,33.1,100,0,500,0,0,1000,33.1,2.1,964.8,35.2,870.4,1584.9,872.4,16200.000,14328000.000,0.225,0.995,available,available,available,available,available,available,available,available,available,available,available,available,available,available,available,available,available,available,available,available,available,available,available
hurricane,P0000-00-00T00:00:00,35.000,594.3,73.7,0,990.5,0,0,0,0,0.5,1090.5,0,0,0,0,0,5,679.8,247.3,26.3,396.2,10,0,27,100,0,0,0,0,28.7,27,1.7,0,28.7,247.3,684.8,1135.9,594.3,73.7,0,990.5,0,0,0,0,0.5,1090.5,0,0,0,0,0,5,679.8,247.3,26.3,396.2,10,0,27,1090.5,0,0,27,0,28.7,27,1.7,0,28.7,247.3,684.8,1135.9,594.3,73.7,100,990.5,0,6,0,1160.9,0.5,1090.5,0,0,20,0,20,1140.9,679.8,853.3,26.3,396.2,10,100,27,100,0,500,0,0,1000,27,1.7,971.3,28.7,853.3,1820.7,1135.9,32400.000,14328000.000,0.450,0.995,available,available,available,available,available,available,available,available,available,available,available,available,available,available,available,available,available,available,available,available,available,available,available
hurricane,P0000-00-00T00:00:00,36.000,876.5,73.7,0,1460.9,0,0,0,0,0.5,1560.9,0,0,0,0,0,5,856.6,235.9,26.3,584.4,10,0,24.3,100,0,0,0,0,25.9,24.3,1.6,0,25.9,235.9,861.6,1091.3,876.5,73.7,0,1460.9,0,0,0,0,0.5,1560.9,0,0,0,0,0,5,856.6,235.9,26.3,584.4,10,0,24.3,1560.9,0,0,24.3,0,25.9,24.3,1.6,0,25.9,235.9,861.6,1091.3,876.5,73.7,100,1460.9,0,6,0,1116.3,0.5,1560.9,0,0,20,0,20,1096.3,856.6,841.9,26.3,584.4,10,100,24.3,100,0,500,0,0,1000,24.3,1.6,974.1,25.9,841.9,1952.9,1091.3,48600.000,14328000.000,0.675,0.995,available,available,available,available,available,available,available,available,available,available,available,available,available,available,available,available,available,available,available,available,available,available,available
hurricane,P0000-00-00T00:00:00,37.000,652.9,73.7,0,1088.1,0,0,0,0,0.5,1188.1,0,0,0,0,0,5,705,233.4,26.3,435.2,10,0,22.9,100,0,0,0,0,24.3,22.9,1.5,0,24.3,233.4,710,1089.1,652.9,73.7,0,1088.1,0,0,0,0,0.5,1188.1,0,0,0,0,0,5,705,233.4,26.3,435.2,10,0,22.9,1188.1,0,0,22.9,0,24.3,22.9,1.5,0,24.3,233.4,710,1089.1,652.9,73.7,100,1088.1,0,6,0,1114.1,0.5,1188.1,0,0,20,0,20,1094.1,705,839.4,26.3,435.2,10,100,22.9,100,0,500,0,0,1000,22.9,1.5,975.7,24.3,839.4,1799.1,1089.1,64800.000,14328000.000,0.900,0.995,available,available,available,available,available,available,available,available,available,available,available,available,available,available,available,available,available,available,available,available,available,available,available
hurricane,P0000-00-00T00:00:00,37.444,652.9,73.7,0,1088.1,0,0,0,0,0,1188.1,0,0,0,0,0,0,705,233.4,26.3,435.2,10,0,22.9,100,0,0,0,0,24.3,22.9,1.5,0,24.3,233.4,705,1094.1,652.9,73.7,0,1088.1,0,0,0,0,0,1188.1,0,0,0,0,0,0,705,233.4,26.3,435.2,10,0,22.9,1188.1,0,0,22.9,0,24.3,22.9,1.5,0,24.3,233.4,705,1094.1,652.9,73.7,100,1088.1,0,6,0,1114.1,0,1188.1,0,0,20,0,20,1094.1,705,839.4,26.3,435.2,10,100,22.9,100,0,500,0,0,1000,22.9,1.5,975.7,24.3,839.4,1799.1,1094.1,72000.000,14328000.000,1.000,0.995,available,available,available,available,available,available,available,available,available,available,available,available,available,available,available,available,available,available,available,available,available,available,available
hurricane,P0000-00-00T00:00:00,38.000,647.7,73.7,0,1079.5,0,0,0,0,0,1179.5,0,0,0,0,0,0,688.9,220.8,26.3,431.8,10,0,26.7,100,0,0,0,0,28.4,26.7,1.7,0,28.4,220.8,688.9,378.3,647.7,73.7,0,1079.5,0,0,0,0,0,1179.5,0,0,0,0,0,0,688.9,220.8,26.3,431.8,10,0,26.7,1179.5,0,0,26.7,0,28.4,26.7,1.7,0,28.4,220.8,688.9,378.3,647.7,73.7,100,1079.5,0,6,0,398.3,0,1179.5,0,0,20,0,20,378.3,688.9,826.8,26.3,431.8,10,100,26.7,100,0,500,0,0,1000,26.7,1.7,971.6,28.4,826.8,1067.2,378.3,72000.000,14328000.000,1.000,0.995,available,available,available,available,available,available,available,available,available,available,available,available,available,available,available,available,available,available,available,available,available,available,available
hurricane,P0000-00-00T00:00:00,39.000,636.4,73.7,416,1060.7,0,0,0,416,0,1160.7,0,0,0,0,0,396,0,213.8,26.3,424.3,10,0,29.9,100,0,258.4,29.9,272.7,561,0,0,561,0,213.8,396,0,636.4,73.7,674.4,1060.7,0,0,0,674.4,0,1160.7,0,0,0,0,0,674.4,674.4,213.8,26.3,424.3,10,0,29.9,1160.7,0,258.4,29.9,272.7,561,0,0,561,0,213.8,1348.8,0,636.4,73.7,416,1060.7,0,6,0,416,0,1160.7,0,0,20,0,20,396,0,461.4,26.3,424.3,10,100,302.6,100,0,500,302.6,272.7,1000,0,0,1000,0,461.4,396,0,72000.000,14328000.000,1.000,0.995,available,available,available,available,available,available,available,available,available,available,available,available,available,available,available,available,available,available,available,available,available,available,available
hurricane,P0000-00-00T00:00:00,39.200,636.4,73.7,416,1060.7,0,0,0,416,0,1160.7,0,0,0,0,0,396,0,213.8,26.3,424.3,10,0,29.9,100,0,258.4,29.9,272.7,561,0,0,561,0,213.8,396,0,636.4,73.7,674.4,1060.7,0,0,0,674.4,0,1160.7,0,0,0,0,0,679.4,674.4,213.8,26.3,424.3,10,0,29.9,1160.7,0,258.4,29.9,272.7,561,0,0,561,0,213.8,1353.8,0,636.4,73.7,416,1060.7,0,6,0,416,0,1160.7,0,0,20,0,20,396,0,461.4,26.3,424.3,10,100,302.6,100,0,500,302.6,272.7,1000,0,0,1000,0,461.4,396,0,57600.000,14328000.000,0.800,0.995,available,available,available,available,available,available,available,available,available,available,available,available,available,available,available,available,available,available,available,available,available,available,available
hurricane,P0000-00-00T00:00:00,40.000,403.4,73.7,0,672.4,0,6,14,0,0,772.4,0,0,20,0,20,0,0,210.7,26.3,269,0,0,26.7,100,0,500,26.7,434.9,961.5,0,0,961.5,0,210.7,0,0,403.4,73.7,643.4,990.9,0,143.4,14,643.4,0,1090.9,0,0,478,0,478,648.4,643.4,210.7,26.3,396.4,10,0,26.7,1090.9,0,643.4,26.7,434.9,961.5,0,0,961.5,0,210.7,1291.8,0,403.4,73.7,0,672.4,0,6,14,0,0,772.4,0,0,20,0,20,0,0,210.7,26.3,269,0,100,461.5,100,0,500,461.5,434.9,1000,0,0,1000,0,210.7,0,0,0.000,14328000.000,0.000,0.995,available,available,available,available,available,available,available,available,available,available,available,available,available,available,available,available,available,available,available,available,available,available,available
hurricane,P0000-00-00T00:00:00,41.000,384,73.7,0,639.9,0,6,14,0,0,739.9,0,0,20,0,20,0,0,223.7,26.3,256,0,0,24.3,100,0,500,24.3,437.2,961.5,0,0,961.5,0,223.7,0,0,384,73.7,729.6,1173.8,0,229.6,14,729.6,0,1273.8,0,0,765.2,0,765.2,734.6,729.6,223.7,26.3,469.5,10,0,24.3,1273.8,0,729.6,24.3,437.2,961.5,0,0,961.5,0,223.7,1464.1,0,384,73.7,0,639.9,0,6,14,0,0,739.9,0,0,20,0,20,0,0,223.7,26.3,256,0,100,461.5,100,0,500,461.5,437.2,1000,0,0,1000,0,223.7,0,0,0.000,14256000.000,0.000,0.990,available,available,available,available,available,available,available,available,available,available,available,available,available,available,available,available,available,available,available,available,available,available,available
hurricane,P0000-00-00T00:00:00,42.000,106.2,73.7,0,177,0,0,0,0,0,277,0,0,0,0,0,0,0,219.2,26.3,70.8,10,0,27.3,100,0,326.3,27.3,243.4,596.9,0,0,596.9,0,219.2,0,0,106.2,73.7,326.3,177,0,0,0,326.3,0,277,0,0,0,0,0,331.3,326.3,219.2,26.3,70.8,10,0,27.3,277,0,326.3,27.3,243.4,596.9,0,0,596.9,0,219.2,657.6,0,106.2,73.7,0,177,0,6,0,0,0,277,0,0,20,0,20,0,0,398.9,26.3,70.8,10,100,270.6,100,0,500,270.6,243.4,1000,0,0,1000,0,398.9,0,0,0.000,14184000.000,0.000,0.985,available,available,available,available,available,available,available,available,available,available,available,available,available,available,available,available,available,available,available,available,available,available,available
hurricane,P0000-00-00T00:00:00,43.000,106.2,73.7,0,177,0,0,0,0,0,277,0,0,0,0,0,0,0,186.3,26.3,70.8,10,0,26.7,100,0,293.4,26.7,260.9,581,0,0,581,0,186.3,0,0,106.2,73.7,293.4,177,0,0,0,293.4,0,277,0,0,0,0,0,298.4,293.4,186.3,26.3,70.8,10,0,26.7,277,0,293.4,26.7,260.9,581,0,0,581,0,186.3,591.8,0,106.2,73.7,0,177,0,6,0,0,0,277,0,0,20,0,20,0,0,398.9,26.3,70.8,10,100,287.6,100,0,500,287.6,260.9,1000,0,0,1000,0,398.9,0,0,0.000,14184000.000,0.000,0.985,available,available,available,available,available,available,available,available,available,available,available,available,available,available,available,available,available,available,available,available,available,available,available
hurricane,P0000-00-00T00:00:00,44.000,92.6,73.7,0,154.4,0,0,0,0,0,254.4,0,0,0,0,0,0,0,185.7,26.3,61.7,10,0,22.9,100,0,283.7,22.9,269.3,575.8,0,0,575.8,0,185.7,0,0,92.6,73.7,283.7,154.4,0,0,0,283.7,0,254.4,0,0,0,0,0,288.7,283.7,185.7,26.3,61.7,10,0,22.9,254.4,0,283.7,22.9,269.3,575.8,0,0,575.8,0,185.7,572.4,0,92.6,73.7,0,154.4,0,6,0,0,0,254.4,0,0,20,0,20,0,0,407.9,26.3,61.7,10,100,292.1,100,0,500,292.1,269.3,1000,0,0,1000,0,407.9,0,0,0.000,14184000.000,0.000,0.985,available,available,available,available,available,available,available,available,available,available,available,available,available,available,available,available,available,available,available,available,available,available,available
hurricane,P0000-00-00T00:00:00,45.000,92,73.7,0,153.3,0,0,0,0,0,253.3,0,0,0,0,0,0,0,173.1,26.3,61.3,10,0,21.1,100,0,270.8,21.1,276.6,568.5,0,0,568.5,0,173.1,0,0,92,73.7,270.8,153.3,0,0,0,270.8,0,253.3,0,0,0,0,0,275.8,270.8,173.1,26.3,61.3,10,0,21.1,253.3,0,270.8,21.1,276.6,568.5,0,0,568.5,0,173.1,546.6,0,92,73.7,0,153.3,0,6,0,0,0,253.3,0,0,20,0,20,0,0,408.4,26.3,61.3,10,100,297.7,100,0,500,297.7,276.6,1000,0,0,1000,0,408.4,0,0,0.000,14184000.000,0.000,0.985,available,available,available,available,available,available,available,available,available,available,available,available,available,available,available,available,available,available,available,available,available,available,available
hurricane,P0000-00-00T00:00:00,46.000,79,73.7,0,131.7,0,0,0,0,0,231.7,0,0,0,0,0,0,0,172.2,26.3,52.7,10,0,18.5,100,0,261.2,18.5,283,562.7,0,0,562.7,0,172.2,0,0,79,73.7,261.2,131.7,0,0,0,261.2,0,231.7,0,0,0,0,0,266.2,261.2,172.2,26.3,52.7,10,0,18.5,231.7,0,261.2,18.5,283,562.7,0,0,562.7,0,172.2,527.5,0,79,73.7,0,131.7,0,6,0,0,0,231.7,0,0,20,0,20,0,0,417,26.3,52.7,10,100,301.5,100,0,500,301.5,283,1000,0,0,1000,0,417,0,0,0.000,14184000.000,0.000,0.985,available,available,available,available,available,available,available,available,available,available,available,available,available,available,available,available,available,available,available,available,available,available,available
hurricane,P0000-00-00T00:00:00,47.000,72.2,73.7,0,120.4,0,0,0,0,0,220.4,0,0,0,0,0,0,0,47.7,26.3,48.2,10,0,0,100,0,132.2,0,319.1,451.2,0,0,451.2,0,47.7,0,0,72.2,73.7,132.2,120.4,0,0,0,132.2,0,220.4,0,0,0,0,0,137.2,132.2,47.7,26.3,48.2,10,0,0,220.4,0,132.2,0,319.1,451.2,0,0,451.2,0,47.7,269.3,0,72.2,73.7,0,120.4,0,6,0,0,0,220.4,0,0,20,0,20,0,0,421.5,26.3,48.2,10,100,319.1,100,0,500,319.1,319.1,1000,0,0,1000,0,421.5,0,0,0.000,14184000.000,0.000,0.985,available,available,available,available,available,available,available,available,available,available,available,available,available,available,available,available,available,available,available,available,available,available,available
hurricane,P0000-00-00T00:00:00,48.000,71.6,73.7,0,119.4,0,0,0,0,0,219.4,0,0,0,0,0,0,0,49,26.3,47.8,10,0,3.2,100,0,133,3.2,316.2,452.4,0,0,452.4,0,49,0,0,71.6,73.7,133,119.4,0,0,0,133,0,219.4,0,0,0,0,0,138,133,49,26.3,47.8,10,0,3.2,219.4,0,133,3.2,316.2,452.4,0,0,452.4,0,49,271.1,0,71.6,73.7,0,119.4,0,6,0,0,0,219.4,0,0,20,0,20,0,0,421.9,26.3,47.8,10,100,319.4,100,0,500,319.4,316.2,1000,0,0,1000,0,421.9,0,0,0.000,14184000.000,0.000,0.985,available,available,available,available,available,available,available,available,available,available,available,available,available,available,available,available,available,available,available,available,available,available,available
