hours,kW
0,0
1,0
2,0
3,0
4,0
5,0
6,0
7,0
8,1.510900
9,3.050100
10,2.541450
11,4.573050
12,3.320750
13,0.638150
14,1.891950
15,0.635850
16,0
17,0
18,0
19,0
20,0
21,0
22,0
23,0
24,0
25,0
26,0
27,0
28,0
29,0
30,0
31,0
32,1.917800
33,7.737950
34,29.317150
35,33.361550
36,34.004550
37,31.421400
38,25.694900
39,16.255400
40,2.793300
41,0
42,0
43,0
44,0
45,0
46,0
47,0
48,0
49,0
50,0
51,0
52,0
53,0
54,0
55,0
56,4.682900
57,21.327400
58,24.617350
59,31.96250
60,32.502700
61,30.271650
62,24.662800
63,15.673400
64,2.87950
65,0
66,0
67,0
68,0
69,0
70,0
71,0
72,0
73,0
74,0
75,0
76,0
77,0
78,0
79,0
80,0.167200
81,0.68900
82,1.125450
83,4.696850
84,33.09700
85,30.635950
86,25.069950
87,16.072800
88,2.923800
89,0
90,0
91,0
92,0
93,0
94,0
95,0
96,0
97,0
98,0
99,0
100,0
101,0
102,0
103,0
104,10.212450
105,21.371100
106,27.621850
107,31.406100
108,31.924800
109,29.822250
110,24.409350
111,12.908650
112,3.245300
113,0
114,0
115,0
116,0
117,0
118,0
119,0
120,0
121,0
122,0
123,0
124,0
125,0
126,0
127,0
128,9.598400
129,20.321950
130,27.37700
131,31.047300
132,31.858150
133,4.553850
134,3.460050
135,4.485650
136,0.484050
137,0
138,0
139,0
140,0
141,0
142,0
143,0
144,0
145,0
146,0
147,0
148,0
149,0
150,0
151,0
152,2.456850
153,6.307950
154,6.321600
155,7.55900
156,12.162250
157,10.921100
158,23.311400
159,14.692950
160,3.291200
161,0
162,0
163,0
164,0
165,0
166,0
167,0
168,0
169,0
170,0
171,0
172,0
173,0
174,0
175,0
176,3.446300
177,17.02650
178,24.576100
179,27.017200
180,28.046050
181,26.227250
182,24.704450
183,16.268700
184,4.094950
185,0
186,0
187,0
188,0
189,0
190,0
191,0
192,0
193,0
194,0
195,0
196,0
197,0
198,0
199,0
200,2.715850
201,9.117300
202,2.214750
203,0.968750
204,4.726400
205,6.899250
206,2.040600
207,14.790400
208,3.936100
209,0
210,0
211,0
212,0
213,0
214,0
215,0
216,0
217,0
218,0
219,0
220,0
221,0
222,0
223,0
224,3.294950
225,17.461450
226,23.728600
227,28.611650
228,29.18600
229,29.288400
230,14.779850
231,10.986650
232,2.953650
233,0
234,0
235,0
236,0
237,0
238,0
239,0
240,0
241,0
242,0
243,0
244,0
245,0
246,0
247,0
248,2.028300
249,6.832400
250,12.233100
251,5.87800
252,0.192700
253,2.659450
254,0.542200
255,14.144800
256,3.686800
257,0
258,0
259,0
260,0
261,0
262,0
263,0
264,0
265,0
266,0
267,0
268,0
269,0
270,0
271,0
272,0.044150
273,2.689200
274,18.727400
275,17.802850
276,29.69200
277,27.670400
278,22.849650
279,15.29150
280,4.564850
281,0
282,0
283,0
284,0
285,0
286,0
287,0
288,0
289,0
290,0
291,0
292,0
293,0
294,0
295,0
296,3.546100
297,0.08400
298,1.146550
299,3.986400
300,16.67150
301,9.958100
302,7.918600
303,5.467750
304,1.146250
305,0
306,0
307,0
308,0
309,0
310,0
311,0
312,0
313,0
314,0
315,0
316,0
317,0
318,0
319,0
320,0.440850
321,0.193650
322,3.407550
323,17.57350
324,11.157200
325,6.337450
326,9.404100
327,4.672450
328,0.924800
329,0
330,0
331,0
332,0
333,0
334,0
335,0
336,0
337,0
338,0
339,0
340,0
341,0
342,0
343,0
344,0.19650
345,2.070550
346,3.353700
347,5.200800
348,11.042750
349,10.345850
350,3.417450
351,1.381200
352,1.904900
353,0
354,0
355,0
356,0
357,0
358,0
359,0
360,0
361,0
362,0
363,0
364,0
365,0
366,0
367,0
368,0
369,0.130050
370,0.710300
371,2.060150
372,1.928400
373,1.374150
374,1.581750
375,2.212700
376,0.357400
377,0
378,0
379,0
380,0
381,0
382,0
383,0
384,0
385,0
386,0
387,0
388,0
389,0
390,0
391,0
392,0.347900
393,2.628900
394,6.739800
395,3.425100
396,6.650650
397,10.732300
398,2.506600
399,1.508600
400,0.61850
401,0
402,0
403,0
404,0
405,0
406,0
407,0
408,0
409,0
410,0
411,0
412,0
413,0
414,0
415,0
416,11.281100
417,22.61700
418,29.665200
419,33.423300
420,34.216550
421,31.881050
422,26.857450
423,18.536700
424,7.26650
425,0
426,0
427,0
428,0
429,0
430,0
431,0
432,0
433,0
434,0
435,0
436,0
437,0
438,0
439,0
440,10.939200
441,21.800250
442,28.571550
443,32.461250
444,33.392550
445,31.287950
446,26.445800
447,18.738800
448,7.578600
449,0
450,0
451,0
452,0
453,0
454,0
455,0
456,0
457,0
458,0
459,0
460,0
461,0
462,0
463,0
464,10.381850
465,21.418400
466,28.693450
467,33.130400
468,34.300850
469,32.470550
470,27.52950
471,19.08250
472,7.402550
473,0
474,0
475,0
476,0
477,0
478,0
479,0
480,0
481,0
482,0
483,0
484,0
485,0
486,0
487,0
488,1.527600
489,3.748950
490,18.263600
491,8.491250
492,11.138400
493,21.126300
494,17.034800
495,5.89600
496,0.862550
497,0
498,0
499,0
500,0
501,0
502,0
503,0
504,0
505,0
506,0
507,0
508,0
509,0
510,0
511,0
512,11.827700
513,23.530750
514,31.390150
515,21.362800
516,27.147900
517,28.600150
518,25.651750
519,20.948300
520,8.380950
521,0
522,0
523,0
524,0
525,0
526,0
527,0
528,0
529,0
530,0
531,0
532,0
533,0
534,0
535,0
536,11.52400
537,15.667950
538,30.960450
539,12.589350
540,36.140700
541,13.615950
542,16.536800
543,11.787250
544,6.043050
545,0
546,0
547,0
548,0
549,0
550,0
551,0
552,0
553,0
554,0
555,0
556,0
557,0
558,0
559,0
560,10.980350
561,23.378350
562,19.058150
563,28.41900
564,37.418450
565,35.821450
566,25.078550
567,21.974600
568,9.331550
569,0
570,0
571,0
572,0
573,0
574,0
575,0
576,0
577,0
578,0
579,0
580,0
581,0
582,0
583,0
584,1.384450
585,6.674300
586,16.988250
587,15.008400
588,11.850
589,32.255400
590,6.148400
591,4.797450
592,0.441600
593,0
594,0
595,0
596,0
597,0
598,0
599,0
600,0
601,0
602,0
603,0
604,0
605,0
606,0
607,0
608,8.694700
609,19.697600
610,27.466250
611,31.850050
612,13.085450
613,24.750250
614,6.379850
615,8.95850
616,1.873200
617,0
618,0
619,0
620,0
621,0
622,0
623,0
624,0
625,0
626,0
627,0
628,0
629,0
630,0
631,0
632,10.667650
633,21.781150
634,21.507350
635,33.218150
636,27.542900
637,28.193700
638,27.738400
639,19.689550
640,8.22450
641,0
642,0
643,0
644,0
645,0
646,0
647,0
648,0
649,0
650,0
651,0
652,0
653,0
654,0
655,0
656,1.930700
657,0.84150
658,1.761900
659,1.74450
660,10.519600
661,4.511400
662,3.474150
663,3.719550
664,1.199600
665,0
666,0
667,0
668,0
669,0
670,0
671,0
672,0
673,0
674,0
675,0
676,0
677,0
678,0
679,0
680,9.83950
681,5.850
682,10.396900
683,4.625550
684,16.204850
685,19.346150
686,17.151650
687,13.235150
688,2.251450
689,0
690,0
691,0
692,0
693,0
694,0
695,0
696,0
697,0
698,0
699,0
700,0
701,0
702,0
703,0
704,0.292700
705,6.127950
706,2.125400
707,3.465150
708,7.628650
709,0.349850
710,5.486550
711,3.388700
712,1.717650
713,0
714,0
715,0
716,0
717,0
718,0
719,0
720,0
721,0
722,0
723,0
724,0
725,0
726,0
727,0.192900
728,12.029850
729,23.24800
730,12.026050
731,13.56700
732,24.622350
733,21.232450
734,6.828600
735,0.168400
736,1.208800
737,0
738,0
739,0
740,0
741,0
742,0
743,0
744,0
745,0
746,0
747,0
748,0
749,0
750,0
751,0.111250
752,4.465700
753,16.274150
754,24.135050
755,26.648100
756,33.80300
757,32.218300
758,17.153250
759,5.808150
760,2.62350
761,0
762,0
763,0
764,0
765,0
766,0
767,0
768,0
769,0
770,0
771,0
772,0
773,0
774,0
775,0.195850
776,11.472850
777,22.812950
778,28.049650
779,33.603400
780,33.933300
781,31.920250
782,27.585850
783,19.451150
784,7.990800
785,0
786,0
787,0
788,0
789,0
790,0
791,0
792,0
793,0
794,0
795,0
796,0
797,0
798,0
799,0.194450
800,9.836600
801,20.177200
802,27.922200
803,33.21250
804,33.421850
805,31.141650
806,26.225750
807,20.336700
808,9.662250
809,0.079050
810,0
811,0
812,0
813,0
814,0
815,0
816,0
817,0
818,0
819,0
820,0
821,0
822,0
823,0.463850
824,12.5400
825,22.808600
826,29.361950
827,33.299550
828,34.527450
829,32.859200
830,28.342750
831,21.226350
832,10.510650
833,0.234950
834,0
835,0
836,0
837,0
838,0
839,0
840,0
841,0
842,0
843,0
844,0
845,0
846,0
847,0.482250
848,11.202300
849,18.048700
850,23.018650
851,26.383100
852,22.278800
853,20.885600
854,19.190900
855,6.911800
856,2.819950
857,0
858,0
859,0
860,0
861,0
862,0
863,0
864,0
865,0
866,0
867,0
868,0
869,0
870,0
871,0.217050
872,2.767600
873,3.809150
874,4.337300
875,7.056250
876,6.457300
877,5.745700
878,5.445450
879,4.430150
880,1.368050
881,0
882,0
883,0
884,0
885,0
886,0
887,0
888,0
889,0
890,0
891,0
892,0
893,0
894,0
895,0
896,1.751550
897,15.169850
898,21.457350
899,15.409900
900,8.967400
901,10.282950
902,2.279750
903,0.52400
904,0.294800
905,0
906,0
907,0
908,0
909,0
910,0
911,0
912,0
913,0
914,0
915,0
916,0
917,0
918,0
919,0
920,0.496900
921,12.561950
922,31.406100
923,36.704950
924,38.094100
925,36.354300
926,31.549700
927,23.809050
928,12.038650
929,0.50350
930,0
931,0
932,0
933,0
934,0
935,0
936,0
937,0
938,0
939,0
940,0
941,0
942,0
943,0.637950
944,13.675900
945,25.116400
946,33.455400
947,37.667200
948,38.751200
949,36.765600
950,31.852050
951,24.102150
952,12.622050
953,0.638300
954,0
955,0
956,0
957,0
958,0
959,0
960,0
961,0
962,0
963,0
964,0
965,0
966,0
967,1.450150
968,14.380400
969,24.528250
970,17.011300
971,16.189850
972,18.188250
973,16.511250
974,10.144250
975,3.970650
976,1.969150
977,0
978,0
979,0
980,0
981,0
982,0
983,0
984,0
985,0
986,0
987,0
988,0
989,0
990,0
991,0.497950
992,2.647850
993,4.070900
994,5.66750
995,9.663950
996,7.425750
997,7.30800
998,3.044700
999,2.376650
1000,1.110950
1001,0
1002,0
1003,0
1004,0
1005,0
1006,0
1007,0
1008,0
1009,0
1010,0
1011,0
1012,0
1013,0
1014,0
1015,0.228100
1016,3.070950
1017,8.139250
1018,21.753300
1019,20.174300
1020,17.742650
1021,17.993250
1022,13.284800
1023,6.871750
1024,2.35250
1025,0.068750
1026,0
1027,0
1028,0
1029,0
1030,0
1031,0
1032,0
1033,0
1034,0
1035,0
1036,0
1037,0
1038,0
1039,0.870450
1040,9.940050
1041,24.943850
1042,18.176250
1043,18.565450
1044,15.660450
1045,16.468350
1046,12.332700
1047,8.931050
1048,4.626650
1049,0.116900
1050,0
1051,0
1052,0
1053,0
1054,0
1055,0
1056,0
1057,0
1058,0
1059,0
1060,0
1061,0
1062,0
1063,1.523250
1064,14.811050
1065,22.82950
1066,22.489300
1067,13.484150
1068,21.644750
1069,18.485600
1070,19.361200
1071,15.758200
1072,6.73800
1073,0.355850
1074,0
1075,0
1076,0
1077,0
1078,0
1079,0
1080,0
1081,0
1082,0
1083,0
1084,0
1085,0
1086,0
1087,0.73250
1088,14.009250
1089,14.329350
1090,27.18400
1091,24.872650
1092,15.136300
1093,17.31300
1094,24.744550
1095,14.769100
1096,4.227450
1097,0.213350
1098,0
1099,0
1100,0
1101,0
1102,0
1103,0
1104,0
1105,0
1106,0
1107,0
1108,0
1109,0
1110,0
1111,2.86050
1112,16.094700
1113,26.937250
1114,32.562100
1115,37.574700
1116,39.339250
1117,37.477900
1118,32.605100
1119,24.728900
1120,13.486050
1121,1.119950
1122,0
1123,0
1124,0
1125,0
1126,0
1127,0
1128,0
1129,0
1130,0
1131,0
1132,0
1133,0
1134,0
1135,2.31550
1136,14.101300
1137,24.213950
1138,21.350750
1139,13.012950
1140,17.534300
1141,11.532600
1142,15.983550
1143,10.136850
1144,2.477800
1145,0.171700
1146,0
1147,0
1148,0
1149,0
1150,0
1151,0
1152,0
1153,0
1154,0
1155,0
1156,0
1157,0
1158,0
1159,0.49350
1160,3.207100
1161,22.32850
1162,12.036050
1163,11.893950
1164,8.178600
1165,11.776800
1166,12.609550
1167,14.065950
1168,0.838300
1169,0
1170,0
1171,0
1172,0
1173,0
1174,0
1175,0
1176,0
1177,0
1178,0
1179,0
1180,0
1181,0
1182,0
1183,2.451350
1184,13.089550
1185,26.521200
1186,34.078300
1187,38.441750
1188,37.908200
1189,35.249800
1190,28.716600
1191,12.204900
1192,2.698050
1193,0.258550
1194,0
1195,0
1196,0
1197,0
1198,0
1199,0
1200,0
1201,0
1202,0
1203,0
1204,0
1205,0
1206,0
1207,0.984850
1208,5.815200
1209,9.318700
1210,12.757950
1211,20.887350
1212,25.530300
1213,18.573150
1214,15.717950
1215,13.940150
1216,7.004250
1217,0.578900
1218,0
1219,0
1220,0
1221,0
1222,0
1223,0
1224,0
1225,0
1226,0
1227,0
1228,0
1229,0
1230,0
1231,3.951950
1232,12.626050
1233,25.460800
1234,32.060050
1235,36.293150
1236,36.58600
1237,37.300300
1238,32.512750
1239,24.753300
1240,12.867950
1241,1.494050
1242,0
1243,0
1244,0
1245,0
1246,0
1247,0
1248,0
1249,0
1250,0
1251,0
1252,0
1253,0
1254,0
1255,2.491200
1256,9.477600
1257,19.764600
1258,15.980900
1259,20.694450
1260,23.712750
1261,26.963650
1262,16.640850
1263,9.620350
1264,7.534250
1265,0.845100
1266,0
1267,0
1268,0
1269,0
1270,0
1271,0
1272,0
1273,0
1274,0
1275,0
1276,0
1277,0
1278,0
1279,0.947800
1280,3.824300
1281,8.43100
1282,13.056050
1283,17.613850
1284,16.511450
1285,16.378950
1286,15.052700
1287,7.287200
1288,2.937600
1289,0.374100
1290,0
1291,0
1292,0
1293,0
1294,0
1295,0
1296,0
1297,0
1298,0
1299,0
1300,0
1301,0
1302,0
1303,0.775400
1304,3.087200
1305,18.455300
1306,9.791700
1307,30.322800
1308,16.403050
1309,17.957050
1310,25.430550
1311,20.865950
1312,11.909650
1313,1.827750
1314,0
1315,0
1316,0
1317,0
1318,0
1319,0
1320,0
1321,0
1322,0
1323,0
1324,0
1325,0
1326,0
1327,5.34050
1328,18.736450
1329,29.888950
1330,37.318600
1331,41.666650
1332,41.666650
1333,40.883750
1334,35.333950
1335,27.297850
1336,15.57350
1337,2.601150
1338,0
1339,0
1340,0
1341,0
1342,0
1343,0
1344,0
1345,0
1346,0
1347,0
1348,0
1349,0
1350,0
1351,3.554900
1352,17.399450
1353,27.757700
1354,34.508300
1355,29.385950
1356,22.010150
1357,35.224450
1358,24.356700
1359,8.207200
1360,3.460700
1361,0.465900
1362,0
1363,0
1364,0
1365,0
1366,0
1367,0
1368,0
1369,0
1370,0
1371,0
1372,0
1373,0
1374,0
1375,2.466050
1376,11.052350
1377,24.312800
1378,33.290900
1379,36.545300
1380,38.191700
1381,36.326200
1382,31.5650
1383,23.663850
1384,13.113900
1385,2.260400
1386,0
1387,0
1388,0
1389,0
1390,0
1391,0
1392,0
1393,0
1394,0
1395,0
1396,0
1397,0
1398,0
1399,2.904400
1400,14.490700
1401,26.864100
1402,34.639300
1403,38.042250
1404,38.603150
1405,36.338950
1406,31.773450
1407,24.146150
1408,13.739600
1409,1.800350
1410,0
1411,0
1412,0
1413,0
1414,0
1415,0
1416,0
1417,0
1418,0
1419,0
1420,0
1421,0
1422,0
1423,4.993050
1424,16.802800
1425,26.730250
1426,33.707800
1427,37.572800
1428,38.474850
1429,36.500050
1430,31.47100
1431,23.625800
1432,13.719800
1433,2.530450
1434,0
1435,0
1436,0
1437,0
1438,0
1439,0
1440,0
1441,0
1442,0
1443,0
1444,0
1445,0
1446,0
1447,1.0750
1448,6.246150
1449,13.009950
1450,13.730750
1451,19.01550
1452,15.768350
1453,7.58400
1454,14.69400
1455,2.238600
1456,3.033850
1457,0.449950
1458,0
1459,0
1460,0
1461,0
1462,0
1463,0
1464,0
1465,0
1466,0
1467,0
1468,0
1469,0
1470,0
1471,0.411100
1472,8.61900
1473,15.930750
1474,24.544950
1475,21.440400
1476,17.528850
1477,5.050750
1478,12.896400
1479,5.473550
1480,6.404550
1481,1.289700
1482,0
1483,0
1484,0
1485,0
1486,0
1487,0
1488,0
1489,0
1490,0
1491,0
1492,0
1493,0
1494,0
1495,3.687200
1496,19.910050
1497,30.25400
1498,37.008400
1499,27.289350
1500,41.666650
1501,40.550200
1502,31.05200
1503,7.118650
1504,16.759400
1505,3.858650
1506,0
1507,0
1508,0
1509,0
1510,0
1511,0
1512,0
1513,0
1514,0
1515,0
1516,0
1517,0
1518,0
1519,3.360150
1520,10.428400
1521,21.727450
1522,34.759300
1523,14.794900
1524,30.392600
1525,32.220350
1526,33.412850
1527,25.838950
1528,15.091300
1529,3.349450
1530,0
1531,0
1532,0
1533,0
1534,0
1535,0
1536,0
1537,0
1538,0
1539,0
1540,0
1541,0
1542,0
1543,4.687250
1544,13.860550
1545,26.435650
1546,33.188900
1547,36.875600
1548,37.816650
1549,30.028550
1550,31.362950
1551,24.359450
1552,14.696450
1553,3.440200
1554,0
1555,0
1556,0
1557,0
1558,0
1559,0
1560,0
1561,0
1562,0
1563,0
1564,0
1565,0
1566,0
1567,4.193250
1568,12.917200
1569,21.019150
1570,24.100250
1571,16.943850
1572,28.792150
1573,11.782150
1574,17.131900
1575,21.431100
1576,4.825100
1577,0.569800
1578,0
1579,0
1580,0
1581,0
1582,0
1583,0
1584,0
1585,0
1586,0
1587,0
1588,0
1589,0
1590,0
1591,3.373250
1592,15.935450
1593,21.19600
1594,29.672850
1595,30.788950
1596,36.753800
1597,29.025450
1598,30.374950
1599,23.408400
1600,13.597150
1601,2.189850
1602,0
1603,0
1604,0
1605,0
1606,0
1607,0
1608,0
1609,0
1610,0
1611,0
1612,0
1613,0
1614,0
1615,4.867350
1616,17.320750
1617,16.592750
1618,10.196100
1619,22.402800
1620,17.784450
1621,10.185300
1622,6.371250
1623,4.951450
1624,3.639800
1625,1.272900
1626,0
1627,0
1628,0
1629,0
1630,0
1631,0
1632,0
1633,0
1634,0
1635,0
1636,0
1637,0
1638,0
1639,8.166400
1640,21.167600
1641,31.012900
1642,38.181450
1643,41.666650
1644,41.666650
1645,41.314450
1646,36.285350
1647,28.330300
1648,17.227350
1649,4.414900
1650,0
1651,0
1652,0
1653,0
1654,0
1655,0
1656,0
1657,0
1658,0
1659,0
1660,0
1661,0
1662,0
1663,7.512250
1664,14.527050
1665,23.252350
1666,30.005400
1667,34.099250
1668,31.256750
1669,32.004600
1670,32.244300
1671,25.360400
1672,14.643650
1673,3.560700
1674,0
1675,0
1676,0
1677,0
1678,0
1679,0
1680,0
1681,0
1682,0
1683,0
1684,0
1685,0
1686,0
1687,2.461300
1688,9.417950
1689,7.771400
1690,17.063200
1691,19.952100
1692,28.364600
1693,30.663150
1694,25.095150
1695,16.428800
1696,10.329150
1697,2.354850
1698,0
1699,0
1700,0
1701,0
1702,0
1703,0
1704,0
1705,0
1706,0
1707,0
1708,0
1709,0
1710,0
1711,1.955550
1712,2.33650
1713,4.590650
1714,8.601400
1715,12.54750
1716,4.230200
1717,7.844600
1718,9.339050
1719,2.827200
1720,1.330650
1721,3.591650
1722,0
1723,0
1724,0
1725,0
1726,0
1727,0
1728,0
1729,0
1730,0
1731,0
1732,0
1733,0
1734,0
1735,6.621650
1736,12.299200
1737,25.650450
1738,31.331250
1739,34.265350
1740,35.487750
1741,33.783750
1742,29.555350
1743,22.908350
1744,13.467900
1745,3.555300
1746,0
1747,0
1748,0
1749,0
1750,0
1751,0
1752,0
1753,0
1754,0
1755,0
1756,0
1757,0
1758,0
1759,7.192350
1760,17.911650
1761,20.477450
1762,26.775100
1763,31.598250
1764,29.422750
1765,22.725250
1766,19.05750
1767,5.462300
1768,9.366250
1769,3.643600
1770,0
1771,0
1772,0
1773,0
1774,0
1775,0
1776,0
1777,0
1778,0
1779,0
1780,0
1781,0
1782,0
1783,1.428200
1784,6.742650
1785,8.960700
1786,8.010400
1787,7.004400
1788,8.729800
1789,8.772050
1790,11.267350
1791,17.306400
1792,7.407450
1793,4.358300
1794,0
1795,0
1796,0
1797,0
1798,0
1799,0
1800,0
1801,0
1802,0
1803,0
1804,0
1805,0
1806,0
1807,1.626050
1808,4.100
1809,6.389850
1810,7.431450
1811,6.754450
1812,9.417350
1813,7.07900
1814,5.371900
1815,4.386900
1816,3.278100
1817,1.080550
1818,0
1819,0
1820,0
1821,0
1822,0
1823,0
1824,0
1825,0
1826,0
1827,0
1828,0
1829,0
1830,0
1831,0.240850
1832,3.580850
1833,6.040300
1834,8.921300
1835,6.856600
1836,9.332800
1837,8.936100
1838,7.14250
1839,1.537350
1840,1.55400
1841,3.581250
1842,0
1843,0
1844,0
1845,0
1846,0
1847,0
1848,0
1849,0
1850,0
1851,0
1852,0
1853,0
1854,0.12800
1855,6.435900
1856,12.896950
1857,20.867300
1858,23.919650
1859,25.909400
1860,20.418350
1861,18.231850
1862,13.356900
1863,5.645800
1864,4.851350
1865,1.78350
1866,0
1867,0
1868,0
1869,0
1870,0
1871,0
1872,0
1873,0
1874,0
1875,0
1876,0
1877,0
1878,0
1879,0.279800
1880,0.82400
1881,2.878350
1882,8.207300
1883,3.932900
1884,3.591350
1885,7.338200
1886,10.24050
1887,12.772200
1888,6.803750
1889,4.025450
1890,0
1891,0
1892,0
1893,0
1894,0
1895,0
1896,0
1897,0
1898,0
1899,0
1900,0
1901,0
1902,0.169850
1903,10.004650
1904,21.873900
1905,30.473750
1906,36.186900
1907,39.533150
1908,40.388950
1909,38.23250
1910,33.187750
1911,25.83950
1912,3.76600
1913,0
1914,0
1915,0
1916,0
1917,0
1918,0
1919,0
1920,0
1921,0
1922,0
1923,0
1924,0
1925,0
1926,0.126050
1927,5.453450
1928,13.312450
1929,24.456150
1930,28.868800
1931,32.793350
1932,30.69550
1933,32.701450
1934,26.463400
1935,18.97100
1936,7.718900
1937,5.289300
1938,0
1939,0
1940,0
1941,0
1942,0
1943,0
1944,0
1945,0
1946,0
1947,0
1948,0
1949,0
1950,0.469800
1951,10.148150
1952,22.223150
1953,31.270650
1954,37.608900
1955,41.041700
1956,41.666650
1957,39.787550
1958,35.035550
1959,27.860750
1960,17.609100
1961,5.490850
1962,0
1963,0
1964,0
1965,0
1966,0
1967,0
1968,0
1969,0
1970,0
1971,0
1972,0
1973,0
1974,0.549050
1975,9.669800
1976,20.069800
1977,27.821800
1978,33.928450
1979,22.134600
1980,29.362400
1981,21.623600
1982,24.382400
1983,20.051750
1984,6.703050
1985,2.42700
1986,0
1987,0
1988,0
1989,0
1990,0
1991,0
1992,0
1993,0
1994,0
1995,0
1996,0
1997,0
1998,0.031800
1999,1.787800
2000,7.550150
2001,14.030850
2002,26.403700
2003,16.163100
2004,24.812050
2005,25.70400
2006,11.94300
2007,10.969750
2008,0
2009,2.917450
2010,0
2011,0
2012,0
2013,0
2014,0
2015,0
2016,0
2017,0
2018,0
2019,0
2020,0
2021,0
2022,0
2023,0.788150
2024,1.847550
2025,4.8150
2026,3.621700
2027,8.310400
2028,7.573450
2029,9.428850
2030,6.117350
2031,5.015950
2032,0.877850
2033,0
2034,0
2035,0
2036,0
2037,0
2038,0
2039,0
2040,0
2041,0
2042,0
2043,0
2044,0
2045,0
2046,0
2047,1.660300
2048,11.041550
2049,21.244700
2050,28.12600
2051,25.251150
2052,29.416200
2053,17.721950
2054,27.854400
2055,9.370400
2056,2.262100
2057,1.035450
2058,0
2059,0
2060,0
2061,0
2062,0
2063,0
2064,0
2065,0
2066,0
2067,0
2068,0
2069,0
2070,1.28700
2071,11.764100
2072,23.406100
2073,31.418300
2074,36.49700
2075,39.150850
2076,39.620450
2077,37.722700
2078,33.357600
2079,26.376650
2080,16.792400
2081,3.547100
2082,0
2083,0
2084,0
2085,0
2086,0
2087,0
2088,0
2089,0
2090,0
2091,0
2092,0
2093,0
2094,0.024700
2095,2.358600
2096,9.204050
2097,24.441700
2098,34.371200
2099,37.340950
2100,38.072050
2101,36.18700
2102,31.538850
2103,9.739300
2104,3.729850
2105,4.709550
2106,0
2107,0
2108,0
2109,0
2110,0
2111,0
2112,0
2113,0
2114,0
2115,0
2116,0
2117,0
2118,0.974350
2119,8.343450
2120,14.452800
2121,26.427250
2122,35.505650
2123,38.456150
2124,38.862050
2125,29.074350
2126,22.816700
2127,13.824100
2128,10.507150
2129,3.424300
2130,0
2131,0
2132,0
2133,0
2134,0
2135,0
2136,0
2137,0
2138,0
2139,0
2140,0
2141,0
2142,0.659650
2143,4.040200
2144,7.962300
2145,11.174600
2146,13.588200
2147,21.769400
2148,17.270150
2149,9.564600
2150,14.450950
2151,3.918900
2152,2.826350
2153,0.983400
2154,0
2155,0
2156,0
2157,0
2158,0
2159,0
2160,0
2161,0
2162,0
2163,0
2164,0
2165,0
2166,1.777650
2167,12.197800
2168,23.397200
2169,31.348900
2170,36.879700
2171,14.773200
2172,40.411700
2173,38.101750
2174,33.644450
2175,26.693850
2176,16.934150
2177,5.765700
2178,0
2179,0
2180,0
2181,0
2182,0
2183,0
2184,0
2185,0
2186,0
2187,0
2188,0
2189,0
2190,1.22400
2191,11.242150
2192,21.686100
2193,29.764350
2194,30.997850
2195,33.589450
2196,33.646800
2197,31.866800
2198,14.732100
2199,6.803550
2200,11.967900
2201,0.035750
2202,0
2203,0
2204,0
2205,0
2206,0
2207,0
2208,0
2209,0
2210,0
2211,0
2212,0
2213,0
2214,0
2215,0.621600
2216,8.010200
2217,14.47800
2218,11.193350
2219,18.515200
2220,7.841300
2221,8.145250
2222,7.395400
2223,2.180150
2224,1.273900
2225,2.764250
2226,0
2227,0
2228,0
2229,0
2230,0
2231,0
2232,0
2233,0
2234,0
2235,0
2236,0
2237,0
2238,0
2239,3.548250
2240,1.574450
2241,13.642100
2242,38.812050
2243,41.666650
2244,41.666650
2245,40.055600
2246,35.17900
2247,27.944200
2248,17.849100
2249,6.178550
2250,0
2251,0
2252,0
2253,0
2254,0
2255,0
2256,0
2257,0
2258,0
2259,0
2260,0
2261,0
2262,2.232800
2263,12.154850
2264,22.653750
2265,30.42250
2266,31.486100
2267,31.011300
2268,34.856650
2269,37.237050
2270,32.538750
2271,25.710850
2272,16.385450
2273,5.816850
2274,0
2275,0
2276,0
2277,0
2278,0
2279,0
2280,0
2281,0
2282,0
2283,0
2284,0
2285,0
2286,1.696250
2287,9.336300
2288,22.208650
2289,29.657150
2290,34.676650
2291,37.440550
2292,37.814800
2293,36.193200
2294,31.620600
2295,15.304750
2296,15.461100
2297,4.911150
2298,0
2299,0
2300,0
2301,0
2302,0
2303,0
2304,0
2305,0
2306,0
2307,0
2308,0
2309,0
2310,0
2311,6.643650
2312,6.044400
2313,10.142100
2314,19.440600
2315,15.610150
2316,16.114800
2317,11.947700
2318,6.388150
2319,6.391150
2320,4.498350
2321,2.19650
2322,0
2323,0
2324,0
2325,0
2326,0
2327,0
2328,0
2329,0
2330,0
2331,0
2332,0
2333,0
2334,0
2335,7.204050
2336,5.822450
2337,2.668300
2338,3.821300
2339,4.345400
2340,3.092550
2341,4.54950
2342,5.488600
2343,7.42600
2344,3.28150
2345,0.878450
2346,0
2347,0
2348,0
2349,0
2350,0
2351,0
2352,0
2353,0
2354,0
2355,0
2356,0
2357,0
2358,0.006950
2359,0.049600
2360,9.686700
2361,13.771050
2362,9.881550
2363,10.868200
2364,5.135750
2365,4.393150
2366,6.995150
2367,8.798550
2368,9.928850
2369,3.181200
2370,0
2371,0
2372,0
2373,0
2374,0
2375,0
2376,0
2377,0
2378,0
2379,0
2380,0
2381,0
2382,1.058800
2383,0.462750
2384,3.828100
2385,6.361300
2386,13.441850
2387,14.980200
2388,9.365100
2389,15.243450
2390,20.757600
2391,21.518800
2392,14.999150
2393,6.171900
2394,0.161400
2395,0
2396,0
2397,0
2398,0
2399,0
2400,0
2401,0
2402,0
2403,0
2404,0
2405,0
2406,2.982350
2407,5.046750
2408,14.760550
2409,32.549800
2410,37.929200
2411,40.758200
2412,41.046400
2413,38.957700
2414,34.291450
2415,27.277050
2416,17.766800
2417,6.542150
2418,0.170050
2419,0
2420,0
2421,0
2422,0
2423,0
2424,0
2425,0
2426,0
2427,0
2428,0
2429,0
2430,3.132750
2431,13.399550
2432,23.258750
2433,30.541200
2434,35.562800
2435,38.20550
2436,34.424700
2437,32.365600
2438,29.760950
2439,25.762550
2440,16.668650
2441,5.670050
2442,0.172200
2443,0
2444,0
2445,0
2446,0
2447,0
2448,0
2449,0
2450,0
2451,0
2452,0
2453,0
2454,1.975250
2455,8.284200
2456,18.009800
2457,28.7600
2458,33.61600
2459,31.400200
2460,32.902800
2461,34.818750
2462,30.478950
2463,24.033400
2464,15.490650
2465,5.761850
2466,0.182350
2467,0
2468,0
2469,0
2470,0
2471,0
2472,0
2473,0
2474,0
2475,0
2476,0
2477,0
2478,0.145250
2479,1.750250
2480,2.104050
2481,5.812750
2482,9.152200
2483,8.535700
2484,13.054850
2485,14.032800
2486,11.020250
2487,4.477300
2488,3.118400
2489,3.023950
2490,0.02900
2491,0
2492,0
2493,0
2494,0
2495,0
2496,0
2497,0
2498,0
2499,0
2500,0
2501,0
2502,2.456750
2503,11.568800
2504,20.141600
2505,22.279950
2506,32.929050
2507,19.363600
2508,32.731900
2509,28.094400
2510,28.611350
2511,13.880050
2512,13.614950
2513,5.873300
2514,0.302350
2515,0
2516,0
2517,0
2518,0
2519,0
2520,0
2521,0
2522,0
2523,0
2524,0
2525,0
2526,3.571750
2527,14.07450
2528,24.167450
2529,31.526750
2530,30.97550
2531,38.939950
2532,39.287800
2533,25.663800
2534,24.052100
2535,20.305800
2536,3.288900
2537,1.455850
2538,0
2539,0
2540,0
2541,0
2542,0
2543,0
2544,0
2545,0
2546,0
2547,0
2548,0
2549,0
2550,2.074300
2551,9.258700
2552,5.511600
2553,7.070550
2554,13.908050
2555,15.063700
2556,14.94300
2557,6.856950
2558,30.185300
2559,13.02450
2560,12.221150
2561,6.13450
2562,0.20950
2563,0
2564,0
2565,0
2566,0
2567,0
2568,0
2569,0
2570,0
2571,0
2572,0
2573,0
2574,3.688150
2575,13.310950
2576,17.631750
2577,29.082850
2578,31.022900
2579,36.434050
2580,36.795450
2581,35.226800
2582,31.209550
2583,23.046950
2584,11.357150
2585,4.696650
2586,0.25050
2587,0
2588,0
2589,0
2590,0
2591,0
2592,0
2593,0
2594,0
2595,0
2596,0
2597,0
2598,1.801850
2599,12.497450
2600,19.072350
2601,31.034700
2602,32.900100
2603,30.283450
2604,32.296100
2605,26.19400
2606,18.531200
2607,7.788850
2608,9.959100
2609,4.165250
2610,0.204050
2611,0
2612,0
2613,0
2614,0
2615,0
2616,0
2617,0
2618,0
2619,0
2620,0
2621,0
2622,0.539900
2623,4.124350
2624,9.180750
2625,17.475750
2626,15.301050
2627,32.948150
2628,32.549850
2629,31.140850
2630,19.653600
2631,24.342950
2632,12.505350
2633,3.598650
2634,0.164700
2635,0
2636,0
2637,0
2638,0
2639,0
2640,0
2641,0
2642,0
2643,0
2644,0
2645,0
2646,0.299100
2647,14.245650
2648,20.200150
2649,31.11100
2650,37.424350
2651,40.539150
2652,40.671550
2653,37.266150
2654,12.821850
2655,17.252150
2656,16.70400
2657,4.799400
2658,0.328450
2659,0
2660,0
2661,0
2662,0
2663,0
2664,0
2665,0
2666,0
2667,0
2668,0
2669,0
2670,3.35750
2671,2.24650
2672,23.141350
2673,30.300850
2674,25.546450
2675,8.763900
2676,4.831450
2677,11.449600
2678,10.858250
2679,22.570700
2680,5.318800
2681,1.287450
2682,0
2683,0
2684,0
2685,0
2686,0
2687,0
2688,0
2689,0
2690,0
2691,0
2692,0
2693,0
2694,4.518850
2695,5.043250
2696,9.715250
2697,10.928150
2698,8.87950
2699,7.856700
2700,6.63950
2701,6.794150
2702,19.672150
2703,5.980600
2704,6.906950
2705,0.685800
2706,0
2707,0
2708,0
2709,0
2710,0
2711,0
2712,0
2713,0
2714,0
2715,0
2716,0
2717,0
2718,4.842300
2719,16.041750
2720,26.455650
2721,33.98050
2722,39.407600
2723,41.666650
2724,41.666650
2725,40.034900
2726,35.375800
2727,28.221250
2728,18.746900
2729,7.523650
2730,0.489450
2731,0
2732,0
2733,0
2734,0
2735,0
2736,0
2737,0
2738,0
2739,0
2740,0
2741,0
2742,0.817150
2743,5.549150
2744,4.767450
2745,8.504800
2746,11.968150
2747,15.271300
2748,32.600100
2749,33.704400
2750,25.973350
2751,14.440700
2752,5.74700
2753,3.379800
2754,0.35450
2755,0
2756,0
2757,0
2758,0
2759,0
2760,0
2761,0
2762,0
2763,0
2764,0
2765,0.12350
2766,4.725750
2767,15.575200
2768,25.482700
2769,32.788100
2770,37.906050
2771,40.352250
2772,40.480150
2773,38.061250
2774,33.659200
2775,27.059250
2776,18.188700
2777,7.401800
2778,0.539450
2779,0
2780,0
2781,0
2782,0
2783,0
2784,0
2785,0
2786,0
2787,0
2788,0
2789,0
2790,0.689850
2791,8.213350
2792,24.829250
2793,5.192400
2794,7.251300
2795,8.676950
2796,24.293600
2797,25.514950
2798,3.590950
2799,8.931300
2800,2.662950
2801,7.37450
2802,0.651250
2803,0
2804,0
2805,0
2806,0
2807,0
2808,0
2809,0
2810,0
2811,0
2812,0
2813,0.149350
2814,4.93550
2815,15.466600
2816,25.020200
2817,31.932450
2818,37.156150
2819,39.6350
2820,22.415200
2821,37.377850
2822,32.888900
2823,26.419700
2824,17.711250
2825,7.280200
2826,0.612250
2827,0
2828,0
2829,0
2830,0
2831,0
2832,0
2833,0
2834,0
2835,0
2836,0
2837,0.094850
2838,4.863050
2839,15.068300
2840,24.205700
2841,30.672100
2842,34.819850
2843,36.883800
2844,36.932400
2845,35.160550
2846,31.227300
2847,25.399450
2848,17.142700
2849,7.072400
2850,0.598650
2851,0
2852,0
2853,0
2854,0
2855,0
2856,0
2857,0
2858,0
2859,0
2860,0
2861,0.082400
2862,2.891800
2863,8.493100
2864,14.615400
2865,20.585100
2866,25.568450
2867,32.25150
2868,15.675850
2869,7.209050
2870,2.458200
2871,9.044800
2872,2.835250
2873,3.926200
2874,0.522550
2875,0
2876,0
2877,0
2878,0
2879,0
2880,0
2881,0
2882,0
2883,0
2884,0
2885,0
2886,0.10950
2887,4.509800
2888,6.747100
2889,9.551300
2890,2.687400
2891,1.546250
2892,6.215350
2893,3.375900
2894,20.695400
2895,24.434250
2896,16.538450
2897,5.19150
2898,0.822400
2899,0
2900,0
2901,0
2902,0
2903,0
2904,0
2905,0
2906,0
2907,0
2908,0
2909,0
2910,0.332250
2911,2.550050
2912,15.77450
2913,18.32200
2914,20.612150
2915,24.923300
2916,27.7200
2917,26.632100
2918,26.398750
2919,19.490800
2920,7.4900
2921,2.533850
2922,0.921700
2923,0
2924,0
2925,0
2926,0
2927,0
2928,0
2929,0
2930,0
2931,0
2932,0
2933,0
2934,0.443400
2935,1.29700
2936,1.498050
2937,4.642300
2938,7.958050
2939,6.156150
2940,9.281950
2941,9.689900
2942,7.546750
2943,4.362200
2944,2.169400
2945,5.216350
2946,0.402250
2947,0
2948,0
2949,0
2950,0
2951,0
2952,0
2953,0
2954,0
2955,0
2956,0
2957,0
2958,0.260950
2959,0.968200
2960,0.767850
2961,1.014600
2962,1.15700
2963,4.663200
2964,3.033350
2965,12.47350
2966,10.255850
2967,3.382250
2968,1.835550
2969,0.077350
2970,0.164200
2971,0
2972,0
2973,0
2974,0
2975,0
2976,0
2977,0
2978,0
2979,0
2980,0
2981,0.269150
2982,2.05600
2983,2.158750
2984,1.930550
2985,8.362300
2986,14.095350
2987,10.659550
2988,9.033700
2989,12.104700
2990,4.253800
2991,4.766650
2992,0.76700
2993,0.331150
2994,0.440850
2995,0
2996,0
2997,0
2998,0
2999,0
3000,0
3001,0
3002,0
3003,0
3004,0
3005,0.329850
3006,3.329150
3007,5.169950
3008,9.996150
3009,21.000800
3010,25.665650
3011,36.638250
3012,26.20200
3013,17.257950
3014,8.894350
3015,5.077450
3016,1.242800
3017,1.559850
3018,0.058600
3019,0
3020,0
3021,0
3022,0
3023,0
3024,0
3025,0
3026,0
3027,0
3028,0
3029,0.198700
3030,3.804600
3031,11.499400
3032,11.26900
3033,14.903600
3034,22.864450
3035,28.941050
3036,25.588450
3037,35.405800
3038,31.029350
3039,24.758300
3040,16.628150
3041,7.343950
3042,1.186300
3043,0
3044,0
3045,0
3046,0
3047,0
3048,0
3049,0
3050,0
3051,0
3052,0
3053,0.255300
3054,2.939200
3055,9.009100
3056,23.467550
3057,29.799300
3058,34.079250
3059,29.640300
3060,8.566300
3061,26.335700
3062,7.833300
3063,6.625650
3064,2.634750
3065,2.601400
3066,1.133650
3067,0
3068,0
3069,0
3070,0
3071,0
3072,0
3073,0
3074,0
3075,0
3076,0
3077,0.212800
3078,4.768400
3079,11.071700
3080,16.831850
3081,24.536900
3082,15.94550
3083,28.174100
3084,29.308950
3085,22.630900
3086,13.413300
3087,6.816550
3088,10.964900
3089,4.888850
3090,0.846650
3091,0
3092,0
3093,0
3094,0
3095,0
3096,0
3097,0
3098,0
3099,0
3100,0
3101,0.546200
3102,2.809800
3103,7.795250
3104,25.424100
3105,32.427450
3106,37.405950
3107,27.932750
3108,39.638600
3109,37.866350
3110,33.593100
3111,26.840300
3112,18.265550
3113,6.489850
3114,1.293450
3115,0
3116,0
3117,0
3118,0
3119,0
3120,0
3121,0
3122,0
3123,0
3124,0
3125,0
3126,1.169450
3127,10.99850
3128,2.902250
3129,6.047150
3130,10.531300
3131,3.868200
3132,19.752950
3133,9.099150
3134,10.65900
3135,11.668250
3136,3.587450
3137,2.542450
3138,0.491800
3139,0
3140,0
3141,0
3142,0
3143,0
3144,0
3145,0
3146,0
3147,0
3148,0
3149,0.648350
3150,6.217050
3151,16.37950
3152,25.362200
3153,32.157250
3154,36.723650
3155,39.037050
3156,39.06950
3157,36.778100
3158,32.709200
3159,26.401450
3160,18.004800
3161,8.132600
3162,1.169800
3163,0
3164,0
3165,0
3166,0
3167,0
3168,0
3169,0
3170,0
3171,0
3172,0
3173,0.656600
3174,6.191200
3175,15.86600
3176,24.518350
3177,28.160850
3178,29.297700
3179,30.40950
3180,34.526600
3181,32.441150
3182,25.724900
3183,13.679950
3184,13.906400
3185,6.680550
3186,0.06350
3187,0
3188,0
3189,0
3190,0
3191,0
3192,0
3193,0
3194,0
3195,0
3196,0
3197,0
3198,0.038950
3199,0.39300
3200,2.412700
3201,13.475450
3202,22.548150
3203,13.979400
3204,37.06550
3205,19.942950
3206,16.237100
3207,13.176800
3208,13.019400
3209,5.772050
3210,0
3211,0
3212,0
3213,0
3214,0
3215,0
3216,0
3217,0
3218,0
3219,0
3220,0
3221,0.643750
3222,3.876450
3223,12.842750
3224,23.366100
3225,29.219550
3226,33.551150
3227,35.427750
3228,35.522050
3229,33.768800
3230,29.887150
3231,24.302750
3232,16.716400
3233,7.728650
3234,1.375200
3235,0
3236,0
3237,0
3238,0
3239,0
3240,0
3241,0
3242,0
3243,0
3244,0
3245,0.630300
3246,2.715250
3247,8.429300
3248,9.100600
3249,20.409700
3250,16.498050
3251,15.804450
3252,36.441300
3253,16.327750
3254,26.551450
3255,9.130150
3256,6.771300
3257,5.389400
3258,1.287700
3259,0
3260,0
3261,0
3262,0
3263,0
3264,0
3265,0
3266,0
3267,0
3268,0
3269,0
3270,5.354250
3271,11.748450
3272,15.790050
3273,23.01750
3274,21.972250
3275,33.573200
3276,29.027350
3277,24.02250
3278,27.4050
3279,20.415900
3280,11.475650
3281,8.156600
3282,1.588350
3283,0
3284,0
3285,0
3286,0
3287,0
3288,0
3289,0
3290,0
3291,0
3292,0
3293,0.857400
3294,5.957750
3295,17.899800
3296,27.274800
3297,34.226850
3298,39.023650
3299,41.186700
3300,40.963400
3301,38.619650
3302,34.143100
3303,27.631450
3304,19.192050
3305,8.796100
3306,1.25400
3307,0
3308,0
3309,0
3310,0
3311,0
3312,0
3313,0
3314,0
3315,0
3316,0
3317,0.75150
3318,6.627300
3319,17.016600
3320,25.631350
3321,31.856850
3322,36.142800
3323,38.378350
3324,38.542800
3325,36.499300
3326,32.655350
3327,26.733250
3328,18.714400
3329,8.585200
3330,1.176750
3331,0
3332,0
3333,0
3334,0
3335,0
3336,0
3337,0
3338,0
3339,0
3340,0
3341,0.662050
3342,6.429250
3343,16.512550
3344,25.096650
3345,31.394050
3346,35.907300
3347,38.14250
3348,38.150
3349,36.383600
3350,32.462800
3351,26.529350
3352,18.619650
3353,8.609750
3354,1.074300
3355,0
3356,0
3357,0
3358,0
3359,0
3360,0
3361,0
3362,0
3363,0
3364,0
3365,0.693150
3366,6.569950
3367,16.979600
3368,25.520900
3369,31.751200
3370,36.070050
3371,38.395300
3372,38.659200
3373,36.583100
3374,32.637450
3375,26.420700
3376,18.451450
3377,8.571050
3378,1.279700
3379,0
3380,0
3381,0
3382,0
3383,0
3384,0
3385,0
3386,0
3387,0
3388,0
3389,0.794100
3390,6.300850
3391,15.966600
3392,21.900750
3393,27.15550
3394,33.082950
3395,27.55400
3396,31.773250
3397,33.347300
3398,29.745850
3399,24.107450
3400,16.75550
3401,7.901700
3402,1.589450
3403,0
3404,0
3405,0
3406,0
3407,0
3408,0
3409,0
3410,0
3411,0
3412,0
3413,0.848650
3414,3.121950
3415,1.799300
3416,8.279800
3417,20.18300
3418,32.914550
3419,35.019100
3420,35.317150
3421,33.404450
3422,29.863650
3423,20.124250
3424,13.940550
3425,7.846600
3426,0.821650
3427,0
3428,0
3429,0
3430,0
3431,0
3432,0
3433,0
3434,0
3435,0
3436,0
3437,0.830200
3438,3.224200
3439,10.694050
3440,18.42750
3441,23.116400
3442,25.255200
3443,28.203300
3444,28.963850
3445,27.855050
3446,23.689650
3447,18.093550
3448,15.469200
3449,4.540250
3450,1.76900
3451,0
3452,0
3453,0
3454,0
3455,0
3456,0
3457,0
3458,0
3459,0
3460,0
3461,0.637750
3462,5.205850
3463,14.62550
3464,20.108600
3465,25.367100
3466,27.697600
3467,31.095900
3468,31.454100
3469,32.054150
3470,28.447950
3471,23.026650
3472,16.009550
3473,7.055900
3474,0.54700
3475,0
3476,0
3477,0
3478,0
3479,0
3480,0
3481,0
3482,0
3483,0
3484,0
3485,0.374700
3486,0.221100
3487,5.680400
3488,3.923100
3489,2.847150
3490,4.321750
3491,3.537100
3492,3.687850
3493,3.765450
3494,3.891300
3495,1.274250
3496,6.391100
3497,3.653600
3498,0.576300
3499,0
3500,0
3501,0
3502,0
3503,0
3504,0
3505,0
3506,0
3507,0
3508,0
3509,0
3510,1.860800
3511,0.883750
3512,4.527600
3513,8.650950
3514,3.546150
3515,6.051950
3516,7.156100
3517,10.886550
3518,11.404650
3519,12.200850
3520,7.264950
3521,7.31200
3522,0.659150
3523,0
3524,0
3525,0
3526,0
3527,0
3528,0
3529,0
3530,0
3531,0
3532,0
3533,0
3534,1.58900
3535,2.721800
3536,7.353050
3537,18.326750
3538,20.932300
3539,10.044650
3540,17.492700
3541,9.009150
3542,19.006750
3543,5.185950
3544,5.956350
3545,0.167550
3546,0.060150
3547,0
3548,0
3549,0
3550,0
3551,0
3552,0
3553,0
3554,0
3555,0
3556,0
3557,0.987850
3558,6.261950
3559,15.051750
3560,22.830800
3561,20.651650
3562,15.357300
3563,28.725550
3564,13.941100
3565,14.429250
3566,18.989050
3567,17.11950
3568,12.8900
3569,1.639800
3570,1.71850
3571,0
3572,0
3573,0
3574,0
3575,0
3576,0
3577,0
3578,0
3579,0
3580,0
3581,0
3582,6.537700
3583,16.570350
3584,16.504550
3585,31.893450
3586,36.301200
3587,38.365550
3588,38.400150
3589,27.409850
3590,32.481850
3591,26.670900
3592,18.860950
3593,9.07950
3594,1.580650
3595,0
3596,0
3597,0
3598,0
3599,0
3600,0
3601,0
3602,0
3603,0
3604,0
3605,1.119400
3606,6.584150
3607,15.735900
3608,23.737650
3609,29.935950
3610,34.492450
3611,29.2800
3612,30.865350
3613,35.934550
3614,32.523200
3615,26.897100
3616,19.008650
3617,9.331400
3618,1.583700
3619,0
3620,0
3621,0
3622,0
3623,0
3624,0
3625,0
3626,0
3627,0
3628,0
3629,0.801850
3630,5.605150
3631,9.431100
3632,22.918450
3633,28.664250
3634,32.527300
3635,34.573250
3636,34.9350
3637,33.388850
3638,29.836400
3639,13.053300
3640,14.994350
3641,7.690150
3642,1.687700
3643,0
3644,0
3645,0
3646,0
3647,0
3648,0
3649,0
3650,0
3651,0
3652,0
3653,0.600750
3654,5.670550
3655,14.650550
3656,4.637600
3657,11.939250
3658,26.319200
3659,25.676250
3660,21.128900
3661,30.943450
3662,18.811550
3663,10.314750
3664,8.902550
3665,2.917550
3666,1.923150
3667,0
3668,0
3669,0
3670,0
3671,0
3672,0
3673,0
3674,0
3675,0
3676,0
3677,1.055050
3678,6.218100
3679,15.083250
3680,22.913750
3681,7.464750
3682,7.263050
3683,6.12950
3684,5.69950
3685,5.411800
3686,6.344950
3687,5.212850
3688,18.081850
3689,9.025600
3690,1.704850
3691,0
3692,0
3693,0
3694,0
3695,0
3696,0
3697,0
3698,0
3699,0
3700,0
3701,0.817600
3702,6.78250
3703,17.043450
3704,25.56450
3705,31.893300
3706,36.201200
3707,38.260650
3708,38.157250
3709,35.986300
3710,32.024150
3711,22.460150
3712,16.068200
3713,8.861350
3714,1.699850
3715,0
3716,0
3717,0
3718,0
3719,0
3720,0
3721,0
3722,0
3723,0
3724,0
3725,0.958350
3726,6.292700
3727,12.30300
3728,23.799850
3729,29.486950
3730,32.559650
3731,28.778550
3732,37.028750
3733,35.093450
3734,26.326700
3735,16.381550
3736,11.641300
3737,8.931650
3738,1.918800
3739,0
3740,0
3741,0
3742,0
3743,0
3744,0
3745,0
3746,0
3747,0
3748,0
3749,0.408350
3750,2.619550
3751,5.480600
3752,7.997150
3753,10.272650
3754,15.642350
3755,16.932950
3756,14.582250
3757,8.716400
3758,9.284250
3759,5.218250
3760,9.621250
3761,4.70350
3762,0.778100
3763,0
3764,0
3765,0
3766,0
3767,0
3768,0
3769,0
3770,0
3771,0
3772,0
3773,1.045150
3774,2.979050
3775,5.589350
3776,8.285950
3777,9.458750
3778,9.59950
3779,14.093200
3780,11.330150
3781,16.346550
3782,14.676150
3783,9.26650
3784,12.417650
3785,5.959800
3786,1.902100
3787,0
3788,0
3789,0
3790,0
3791,0
3792,0
3793,0
3794,0
3795,0
3796,0
3797,0.411700
3798,5.570800
3799,8.543100
3800,7.473900
3801,12.393800
3802,20.173750
3803,25.097850
3804,36.1750
3805,34.522450
3806,30.97750
3807,25.33850
3808,18.114750
3809,9.093450
3810,2.015250
3811,0
3812,0
3813,0
3814,0
3815,0
3816,0
3817,0
3818,0
3819,0
3820,0
3821,0.873750
3822,5.492550
3823,13.133300
3824,17.195600
3825,21.414050
3826,27.629100
3827,30.11250
3828,25.501450
3829,32.821350
3830,29.029200
3831,18.592800
3832,13.581050
3833,6.802100
3834,2.085750
3835,0
3836,0
3837,0
3838,0
3839,0
3840,0
3841,0
3842,0
3843,0
3844,0
3845,1.044700
3846,1.007050
3847,4.93600
3848,6.111600
3849,7.753350
3850,9.602850
3851,7.170950
3852,15.28150
3853,21.44650
3854,20.863250
3855,14.249650
3856,0.581450
3857,2.246450
3858,0
3859,0
3860,0
3861,0
3862,0
3863,0
3864,0
3865,0
3866,0
3867,0
3868,0
3869,0.999100
3870,6.294100
3871,15.233650
3872,17.272650
3873,9.280300
3874,6.212550
3875,8.807350
3876,36.416950
3877,18.030150
3878,24.051600
3879,5.277400
3880,18.249350
3881,9.200650
3882,2.181600
3883,0
3884,0
3885,0
3886,0
3887,0
3888,0
3889,0
3890,0
3891,0
3892,0
3893,1.173400
3894,6.245950
3895,1.481950
3896,10.59950
3897,25.373050
3898,29.480800
3899,29.674100
3900,28.161650
3901,31.45100
3902,18.530250
3903,12.218250
3904,5.884450
3905,1.587150
3906,0
3907,0
3908,0
3909,0
3910,0
3911,0
3912,0
3913,0
3914,0
3915,0
3916,0
3917,0
3918,4.128700
3919,2.126300
3920,5.008650
3921,19.210800
3922,17.588250
3923,29.733600
3924,31.974100
3925,26.537200
3926,9.246100
3927,10.930750
3928,6.232600
3929,0.853100
3930,2.192250
3931,0
3932,0
3933,0
3934,0
3935,0
3936,0
3937,0
3938,0
3939,0
3940,0
3941,0.952700
3942,6.32100
3943,16.043550
3944,18.455900
3945,30.447600
3946,34.883850
3947,37.31250
3948,37.515650
3949,35.507900
3950,31.769850
3951,25.954850
3952,16.102750
3953,7.902700
3954,2.040600
3955,0
3956,0
3957,0
3958,0
3959,0
3960,0
3961,0
3962,0
3963,0
3964,0
3965,0.978850
3966,6.400050
3967,15.679100
3968,23.987150
3969,30.216550
3970,34.40600
3971,36.791750
3972,36.986550
3973,35.453450
3974,31.642050
3975,20.390950
3976,18.648950
3977,9.507300
3978,2.113450
3979,0
3980,0
3981,0
3982,0
3983,0
3984,0
3985,0
3986,0
3987,0
3988,0
3989,0.059900
3990,4.496300
3991,4.694850
3992,3.255900
3993,15.810700
3994,18.931950
3995,20.50550
3996,8.253600
3997,7.54850
3998,4.213900
3999,23.183700
4000,9.067150
4001,6.066850
4002,2.421350
4003,0
4004,0
4005,0
4006,0
4007,0
4008,0
4009,0
4010,0
4011,0
4012,0
4013,1.040050
4014,4.856600
4015,12.330250
4016,22.493150
4017,8.874200
4018,29.420050
4019,34.321150
4020,34.849950
4021,30.492450
4022,26.847150
4023,19.856550
4024,13.748350
4025,7.613750
4026,2.2900
4027,0
4028,0
4029,0
4030,0
4031,0
4032,0
4033,0
4034,0
4035,0
4036,0
4037,0.054400
4038,4.114850
4039,8.933200
4040,15.580050
4041,13.701050
4042,13.877800
4043,14.686250
4044,10.516700
4045,14.46350
4046,16.445300
4047,8.091200
4048,10.786100
4049,6.001650
4050,0
4051,0
4052,0
4053,0
4054,0
4055,0
4056,0
4057,0
4058,0
4059,0
4060,0
4061,0.88650
4062,6.314350
4063,15.500650
4064,23.85950
4065,30.119650
4066,34.58350
4067,36.848400
4068,37.097200
4069,35.559650
4070,31.957300
4071,26.31750
4072,19.132650
4073,9.780550
4074,1.917850
4075,0.006150
4076,0
4077,0
4078,0
4079,0
4080,0
4081,0
4082,0
4083,0
4084,0
4085,0.999050
4086,6.185200
4087,15.148350
4088,23.202350
4089,23.153950
4090,33.628350
4091,27.580400
4092,22.672850
4093,34.100700
4094,30.467100
4095,24.889450
4096,17.972050
4097,9.425700
4098,2.490900
4099,0
4100,0
4101,0
4102,0
4103,0
4104,0
4105,0
4106,0
4107,0
4108,0
4109,0.510350
4110,6.184700
4111,15.093350
4112,23.003600
4113,28.931400
4114,33.42200
4115,35.707350
4116,28.933350
4117,34.700850
4118,24.937200
4119,25.576750
4120,18.500950
4121,9.58150
4122,2.229550
4123,0.02650
4124,0
4125,0
4126,0
4127,0
4128,0
4129,0
4130,0
4131,0
4132,0
4133,0.932700
4134,6.080100
4135,14.865050
4136,22.821650
4137,28.948400
4138,33.241850
4139,35.51200
4140,32.168450
4141,31.439450
4142,26.331050
4143,23.576700
4144,17.224800
4145,8.625150
4146,1.960100
4147,0
4148,0
4149,0
4150,0
4151,0
4152,0
4153,0
4154,0
4155,0
4156,0
4157,0.809200
4158,4.241150
4159,7.406450
4160,17.851300
4161,12.601650
4162,24.247600
4163,29.346050
4164,35.082900
4165,28.66100
4166,29.932850
4167,24.685350
4168,18.012950
4169,9.226150
4170,2.055750
4171,0
4172,0
4173,0
4174,0
4175,0
4176,0
4177,0
4178,0
4179,0
4180,0
4181,1.001750
4182,5.776200
4183,14.139100
4184,21.644600
4185,27.370200
4186,31.519900
4187,33.807900
4188,10.766700
4189,9.44100
4190,29.330800
4191,24.279400
4192,17.555450
4193,9.148350
4194,2.279600
4195,0
4196,0
4197,0
4198,0
4199,0
4200,0
4201,0
4202,0
4203,0
4204,0
4205,1.002150
4206,5.807400
4207,13.871300
4208,21.279400
4209,27.081850
4210,31.533850
4211,33.822400
4212,34.262400
4213,27.255050
4214,29.28800
4215,24.071600
4216,17.225050
4217,9.009800
4218,2.538650
4219,0
4220,0
4221,0
4222,0
4223,0
4224,0
4225,0
4226,0
4227,0
4228,0
4229,1.0250
4230,5.341850
4231,12.888750
4232,17.004650
4233,24.227150
4234,19.548100
4235,27.34600
4236,26.949100
4237,25.983400
4238,25.892650
4239,17.830950
4240,6.958200
4241,6.348750
4242,2.197950
4243,0
4244,0
4245,0
4246,0
4247,0
4248,0
4249,0
4250,0
4251,0
4252,0
4253,1.136450
4254,4.938750
4255,11.478850
4256,17.447300
4257,19.653150
4258,19.287200
4259,15.01650
4260,24.621950
4261,4.467800
4262,9.887750
4263,12.357450
4264,12.141100
4265,7.426900
4266,2.299200
4267,0.025300
4268,0
4269,0
4270,0
4271,0
4272,0
4273,0
4274,0
4275,0
4276,0
4277,0.951950
4278,4.888200
4279,14.00450
4280,18.384900
4281,15.232400
4282,24.797750
4283,34.613550
4284,30.874950
4285,16.543750
4286,15.480650
4287,8.247550
4288,13.231200
4289,1.795850
4290,2.204200
4291,0
4292,0
4293,0
4294,0
4295,0
4296,0
4297,0
4298,0
4299,0
4300,0
4301,0.890950
4302,5.673050
4303,14.375400
4304,22.466550
4305,28.568900
4306,32.866850
4307,35.32400
4308,35.635350
4309,34.022400
4310,30.530150
4311,25.013400
4312,17.970700
4313,3.948200
4314,0.580600
4315,0
4316,0
4317,0
4318,0
4319,0
4320,0
4321,0
4322,0
4323,0
4324,0
4325,0.916150
4326,3.341450
4327,14.243200
4328,22.198150
4329,22.1050
4330,32.472950
4331,34.61300
4332,27.607550
4333,26.182750
4334,29.920800
4335,15.718050
4336,11.832350
4337,4.826900
4338,0
4339,0
4340,0
4341,0
4342,0
4343,0
4344,0
4345,0
4346,0
4347,0
4348,0
4349,0.89350
4350,5.443150
4351,7.240850
4352,16.969050
4353,27.991400
4354,32.58100
4355,34.879250
4356,35.154250
4357,33.11450
4358,29.494050
4359,24.202800
4360,9.316900
4361,0.989600
4362,1.722850
4363,0
4364,0
4365,0
4366,0
4367,0
4368,0
4369,0
4370,0
4371,0
4372,0
4373,1.024550
4374,5.476850
4375,13.632700
4376,21.190850
4377,27.023800
4378,30.82650
4379,33.070800
4380,4.805300
4381,5.584200
4382,3.66350
4383,14.040050
4384,14.918150
4385,4.001700
4386,1.413050
4387,0
4388,0
4389,0
4390,0
4391,0
4392,0
4393,0
4394,0
4395,0
4396,0
4397,0.897800
4398,5.339350
4399,13.570900
4400,21.264600
4401,27.291100
4402,31.799700
4403,34.193250
4404,31.028400
4405,9.930300
4406,8.137700
4407,17.915550
4408,3.154950
4409,2.758100
4410,2.311400
4411,0
4412,0
4413,0
4414,0
4415,0
4416,0
4417,0
4418,0
4419,0
4420,0
4421,0.808300
4422,5.6250
4423,15.257950
4424,24.219250
4425,31.268800
4426,36.23100
4427,39.089750
4428,39.409250
4429,37.648150
4430,33.707450
4431,27.840950
4432,20.260700
4433,7.685150
4434,2.051750
4435,0.030050
4436,0
4437,0
4438,0
4439,0
4440,0
4441,0
4442,0
4443,0
4444,0
4445,0.644850
4446,5.789050
4447,15.680450
4448,24.345850
4449,30.630350
4450,35.08150
4451,37.266800
4452,37.46300
4453,35.646050
4454,31.941750
4455,26.57900
4456,19.34750
4457,10.110800
4458,2.117700
4459,0.02650
4460,0
4461,0
4462,0
4463,0
4464,0
4465,0
4466,0
4467,0
4468,0
4469,0.811350
4470,5.587850
4471,14.895850
4472,23.178300
4473,29.542800
4474,33.706250
4475,36.032300
4476,30.490800
4477,26.844250
4478,26.296050
4479,21.352200
4480,8.560700
4481,6.936700
4482,1.535700
4483,0
4484,0
4485,0
4486,0
4487,0
4488,0
4489,0
4490,0
4491,0
4492,0
4493,0.71350
4494,5.29600
4495,13.949600
4496,22.13400
4497,28.389200
4498,32.74300
4499,35.089450
4500,35.357450
4501,33.866250
4502,30.369800
4503,24.908200
4504,17.984550
4505,9.325600
4506,2.231700
4507,0
4508,0
4509,0
4510,0
4511,0
4512,0
4513,0
4514,0
4515,0
4516,0
4517,0
4518,4.685050
4519,5.086700
4520,4.035400
4521,6.036650
4522,24.809050
4523,27.24400
4524,25.402150
4525,27.599150
4526,22.74950
4527,21.049700
4528,16.973400
4529,0.327100
4530,2.201350
4531,0
4532,0
4533,0
4534,0
4535,0
4536,0
4537,0
4538,0
4539,0
4540,0
4541,0.688950
4542,4.656950
4543,13.388350
4544,19.977450
4545,28.622550
4546,24.680600
4547,21.347300
4548,28.401550
4549,34.100900
4550,30.774550
4551,25.318050
4552,18.351700
4553,9.525350
4554,2.254350
4555,0
4556,0
4557,0
4558,0
4559,0
4560,0
4561,0
4562,0
4563,0
4564,0
4565,0.762350
4566,5.289850
4567,13.892450
4568,21.864200
4569,27.967100
4570,32.41300
4571,34.216600
4572,26.338900
4573,8.483200
4574,13.891350
4575,8.50950
4576,15.054700
4577,8.442450
4578,2.269200
4579,0
4580,0
4581,0
4582,0
4583,0
4584,0
4585,0
4586,0
4587,0
4588,0
4589,0.733600
4590,5.264950
4591,13.810300
4592,21.721350
4593,27.744800
4594,32.057850
4595,23.900200
4596,6.215900
4597,23.542050
4598,29.239200
4599,24.150800
4600,17.704600
4601,9.383300
4602,2.331950
4603,0
4604,0
4605,0
4606,0
4607,0
4608,0
4609,0
4610,0
4611,0
4612,0
4613,0.753800
4614,5.248200
4615,13.120150
4616,21.043600
4617,19.619700
4618,23.85050
4619,22.607550
4620,35.498600
4621,33.555900
4622,30.019150
4623,24.566150
4624,17.612300
4625,7.85300
4626,2.102600
4627,0
4628,0
4629,0
4630,0
4631,0
4632,0
4633,0
4634,0
4635,0
4636,0
4637,0.733750
4638,4.519150
4639,9.273100
4640,6.503550
4641,3.529600
4642,4.899400
4643,12.460050
4644,6.542600
4645,29.653100
4646,20.72050
4647,18.190650
4648,9.105900
4649,6.124550
4650,1.823750
4651,0
4652,0
4653,0
4654,0
4655,0
4656,0
4657,0
4658,0
4659,0
4660,0
4661,0.703550
4662,4.31050
4663,12.730850
4664,15.016400
4665,11.787600
4666,23.79950
4667,10.242900
4668,27.152900
4669,23.775300
4670,24.738200
4671,0.766300
4672,0.25550
4673,5.832800
4674,2.364050
4675,0
4676,0
4677,0
4678,0
4679,0
4680,0
4681,0
4682,0
4683,0
4684,0
4685,0.318650
4686,3.252750
4687,1.158200
4688,7.158100
4689,5.930200
4690,11.487100
4691,10.08750
4692,12.93950
4693,9.390800
4694,20.420200
4695,24.69900
4696,7.345250
4697,7.832850
4698,1.406600
4699,0
4700,0
4701,0
4702,0
4703,0
4704,0
4705,0
4706,0
4707,0
4708,0
4709,0.566950
4710,5.015900
4711,14.502400
4712,21.542750
4713,25.426750
4714,25.54700
4715,32.116800
4716,31.461450
4717,18.636200
4718,23.410550
4719,26.642300
4720,15.843600
4721,9.938350
4722,2.206100
4723,0
4724,0
4725,0
4726,0
4727,0
4728,0
4729,0
4730,0
4731,0
4732,0
4733,0.562150
4734,4.515350
4735,14.301700
4736,22.940100
4737,29.352150
4738,34.062100
4739,36.58550
4740,36.995150
4741,35.038700
4742,31.460850
4743,20.336100
4744,18.618700
4745,9.644400
4746,2.344850
4747,0
4748,0
4749,0
4750,0
4751,0
4752,0
4753,0
4754,0
4755,0
4756,0
4757,0.551950
4758,4.375400
4759,11.273050
4760,18.934250
4761,22.180100
4762,22.424750
4763,29.085450
4764,28.11700
4765,29.003950
4766,19.9550
4767,20.602700
4768,11.950800
4769,6.175200
4770,2.0600
4771,0
4772,0
4773,0
4774,0
4775,0
4776,0
4777,0
4778,0
4779,0
4780,0
4781,0.203050
4782,2.286200
4783,5.474200
4784,19.182850
4785,14.935650
4786,26.485750
4787,26.79850
4788,19.654800
4789,12.707700
4790,16.095750
4791,10.952250
4792,11.380550
4793,4.899100
4794,1.780250
4795,0
4796,0
4797,0
4798,0
4799,0
4800,0
4801,0
4802,0
4803,0
4804,0
4805,0.164600
4806,2.140400
4807,5.914900
4808,7.810350
4809,18.770450
4810,22.404300
4811,11.333600
4812,11.520150
4813,18.375850
4814,12.733150
4815,7.602200
4816,4.871750
4817,3.376250
4818,1.735150
4819,0
4820,0
4821,0
4822,0
4823,0
4824,0
4825,0
4826,0
4827,0
4828,0
4829,0.17950
4830,1.944400
4831,5.965150
4832,6.162700
4833,8.291300
4834,11.418950
4835,8.66050
4836,8.303050
4837,9.188300
4838,8.02550
4839,23.588650
4840,12.2450
4841,5.11550
4842,2.261750
4843,0
4844,0
4845,0
4846,0
4847,0
4848,0
4849,0
4850,0
4851,0
4852,0
4853,0.407850
4854,4.63250
4855,6.468050
4856,7.618200
4857,14.33250
4858,9.951300
4859,16.926200
4860,34.204400
4861,32.54600
4862,29.247450
4863,23.947150
4864,16.970750
4865,8.842950
4866,2.187700
4867,0
4868,0
4869,0
4870,0
4871,0
4872,0
4873,0
4874,0
4875,0
4876,0
4877,0.322950
4878,4.424400
4879,12.98200
4880,20.900850
4881,27.005750
4882,31.06850
4883,25.545550
4884,26.623800
4885,32.382900
4886,3.528350
4887,0.772850
4888,0.144900
4889,5.512600
4890,1.020950
4891,0
4892,0
4893,0
4894,0
4895,0
4896,0
4897,0
4898,0
4899,0
4900,0
4901,0.213350
4902,3.024850
4903,5.370850
4904,20.005100
4905,20.500400
4906,27.937200
4907,22.156550
4908,28.171800
4909,28.541400
4910,24.267150
4911,18.824100
4912,17.594400
4913,7.891150
4914,1.644150
4915,0
4916,0
4917,0
4918,0
4919,0
4920,0
4921,0
4922,0
4923,0
4924,0
4925,0.200700
4926,4.601650
4927,14.548800
4928,23.492200
4929,30.09050
4930,34.376850
4931,36.618400
4932,36.452650
4933,34.553700
4934,31.285100
4935,26.162400
4936,18.995350
4937,9.611600
4938,1.592700
4939,0
4940,0
4941,0
4942,0
4943,0
4944,0
4945,0
4946,0
4947,0
4948,0
4949,0.023150
4950,2.95150
4951,8.913050
4952,21.161700
4953,27.350200
4954,31.808950
4955,34.02650
4956,34.45350
4957,32.831400
4958,29.562450
4959,24.367050
4960,17.585150
4961,8.870250
4962,1.658550
4963,0
4964,0
4965,0
4966,0
4967,0
4968,0
4969,0
4970,0
4971,0
4972,0
4973,0.020900
4974,1.220300
4975,12.673850
4976,20.780750
4977,27.20550
4978,32.345400
4979,34.619450
4980,26.328700
4981,33.06400
4982,21.289450
4983,12.123100
4984,15.136800
4985,7.529850
4986,0.815800
4987,0
4988,0
4989,0
4990,0
4991,0
4992,0
4993,0
4994,0
4995,0
4996,0
4997,0.202100
4998,3.803600
4999,12.916900
5000,21.648200
5001,28.788900
5002,33.949100
5003,19.803250
5004,12.717250
5005,35.06600
5006,21.469650
5007,16.882900
5008,4.57850
5009,1.587600
5010,1.857300
5011,0
5012,0
5013,0
5014,0
5015,0
5016,0
5017,0
5018,0
5019,0
5020,0
5021,0.183950
5022,4.523650
5023,10.116700
5024,21.708950
5025,21.255200
5026,19.015850
5027,27.851200
5028,17.909100
5029,17.31800
5030,24.858600
5031,10.325600
5032,13.214050
5033,7.575400
5034,2.113650
5035,0
5036,0
5037,0
5038,0
5039,0
5040,0
5041,0
5042,0
5043,0
5044,0
5045,0.142900
5046,4.362550
5047,12.894250
5048,21.298350
5049,27.736550
5050,32.181700
5051,34.813350
5052,35.430450
5053,33.072200
5054,19.443450
5055,24.023900
5056,12.66150
5057,8.529300
5058,1.996150
5059,0
5060,0
5061,0
5062,0
5063,0
5064,0
5065,0
5066,0
5067,0
5068,0
5069,0.148350
5070,4.376550
5071,12.620900
5072,20.84450
5073,27.366650
5074,32.172150
5075,34.664250
5076,35.298750
5077,33.133050
5078,23.545700
5079,23.948950
5080,12.22450
5081,8.505400
5082,1.868200
5083,0
5084,0
5085,0
5086,0
5087,0
5088,0
5089,0
5090,0
5091,0
5092,0
5093,0.124650
5094,4.291850
5095,14.385950
5096,23.518200
5097,30.144700
5098,34.765200
5099,37.296150
5100,37.608150
5101,36.081550
5102,32.241350
5103,26.703450
5104,19.247700
5105,9.427800
5106,1.316400
5107,0
5108,0
5109,0
5110,0
5111,0
5112,0
5113,0
5114,0
5115,0
5116,0
5117,0.101700
5118,4.155900
5119,13.526800
5120,22.203900
5121,28.640150
5122,33.075950
5123,35.616100
5124,36.190250
5125,34.648100
5126,31.244900
5127,26.085750
5128,18.742200
5129,9.128800
5130,1.395650
5131,0
5132,0
5133,0
5134,0
5135,0
5136,0
5137,0
5138,0
5139,0
5140,0
5141,0.106050
5142,4.136750
5143,13.426700
5144,21.868650
5145,28.152200
5146,32.280800
5147,34.569450
5148,34.974600
5149,33.49150
5150,30.391350
5151,25.237850
5152,18.170350
5153,8.824800
5154,1.38050
5155,0
5156,0
5157,0
5158,0
5159,0
5160,0
5161,0
5162,0
5163,0
5164,0
5165,0.079700
5166,4.098200
5167,12.91750
5168,21.212050
5169,27.312950
5170,31.56750
5171,33.7850
5172,34.0750
5173,32.628050
5174,29.236200
5175,24.125150
5176,8.161200
5177,8.251250
5178,1.516050
5179,0
5180,0
5181,0
5182,0
5183,0
5184,0
5185,0
5186,0
5187,0
5188,0
5189,0.149150
5190,3.956850
5191,12.208050
5192,20.445700
5193,26.862650
5194,31.361900
5195,33.811650
5196,34.262200
5197,32.990050
5198,29.595150
5199,24.286650
5200,17.04750
5201,8.209550
5202,1.499150
5203,0
5204,0
5205,0
5206,0
5207,0
5208,0
5209,0
5210,0
5211,0
5212,0
5213,0.124900
5214,3.885250
5215,13.321850
5216,22.223250
5217,28.734800
5218,29.276750
5219,36.150250
5220,36.590400
5221,35.233100
5222,31.64800
5223,25.944300
5224,18.464200
5225,8.754700
5226,1.162650
5227,0
5228,0
5229,0
5230,0
5231,0
5232,0
5233,0
5234,0
5235,0
5236,0
5237,0.126550
5238,2.276600
5239,5.518900
5240,8.765650
5241,18.661300
5242,32.522800
5243,34.857600
5244,35.354750
5245,33.884200
5246,30.392550
5247,24.927550
5248,17.602950
5249,8.237150
5250,1.21150
5251,0
5252,0
5253,0
5254,0
5255,0
5256,0
5257,0
5258,0
5259,0
5260,0
5261,0.050150
5262,2.746550
5263,4.296350
5264,8.986550
5265,19.300600
5266,32.042750
5267,21.794800
5268,27.621800
5269,26.482150
5270,22.908350
5271,24.707600
5272,17.345700
5273,8.055400
5274,1.151750
5275,0
5276,0
5277,0
5278,0
5279,0
5280,0
5281,0
5282,0
5283,0
5284,0
5285,0.050150
5286,3.163200
5287,5.391600
5288,6.963300
5289,8.085850
5290,13.037850
5291,13.346900
5292,5.663200
5293,20.738300
5294,12.012800
5295,23.829400
5296,16.47200
5297,7.640650
5298,1.290700
5299,0
5300,0
5301,0
5302,0
5303,0
5304,0
5305,0
5306,0
5307,0
5308,0
5309,0
5310,1.165200
5311,1.822700
5312,14.120400
5313,16.090600
5314,10.659450
5315,7.452400
5316,6.352550
5317,5.902750
5318,4.21550
5319,7.80200
5320,3.936350
5321,2.160600
5322,0
5323,0
5324,0
5325,0
5326,0
5327,0
5328,0
5329,0
5330,0
5331,0
5332,0
5333,0
5334,0.378550
5335,9.103850
5336,15.202650
5337,26.996700
5338,14.506350
5339,34.094350
5340,34.414900
5341,32.945200
5342,10.899200
5343,3.942150
5344,7.80850
5345,7.734200
5346,1.062900
5347,0
5348,0
5349,0
5350,0
5351,0
5352,0
5353,0
5354,0
5355,0
5356,0
5357,0
5358,3.615800
5359,12.448300
5360,21.206450
5361,21.754250
5362,13.922550
5363,25.841300
5364,24.897100
5365,17.403250
5366,12.992650
5367,24.731150
5368,17.254100
5369,7.821150
5370,0.895150
5371,0
5372,0
5373,0
5374,0
5375,0
5376,0
5377,0
5378,0
5379,0
5380,0
5381,0
5382,3.567700
5383,12.692300
5384,21.343700
5385,27.725550
5386,31.995950
5387,34.548750
5388,8.454400
5389,33.558150
5390,11.614100
5391,24.540550
5392,17.035250
5393,4.989600
5394,1.012050
5395,0
5396,0
5397,0
5398,0
5399,0
5400,0
5401,0
5402,0
5403,0
5404,0
5405,0
5406,2.475600
5407,1.955800
5408,7.648600
5409,21.647300
5410,11.146250
5411,10.570900
5412,10.458300
5413,23.663800
5414,13.6300
5415,8.323600
5416,3.18250
5417,3.099900
5418,0.613450
5419,0
5420,0
5421,0
5422,0
5423,0
5424,0
5425,0
5426,0
5427,0
5428,0
5429,0
5430,2.014900
5431,2.414900
5432,5.582550
5433,4.721650
5434,4.123700
5435,7.095900
5436,14.528850
5437,18.094900
5438,21.958100
5439,17.911200
5440,12.716550
5441,6.195650
5442,0.870450
5443,0
5444,0
5445,0
5446,0
5447,0
5448,0
5449,0
5450,0
5451,0
5452,0
5453,0
5454,2.97250
5455,9.301600
5456,14.859150
5457,18.613750
5458,26.274200
5459,27.943100
5460,30.225400
5461,28.636550
5462,16.212850
5463,13.008300
5464,10.044600
5465,3.386750
5466,0.556900
5467,0
5468,0
5469,0
5470,0
5471,0
5472,0
5473,0
5474,0
5475,0
5476,0
5477,0
5478,0.802650
5479,1.65650
5480,6.881450
5481,6.531900
5482,3.572300
5483,7.986150
5484,8.097750
5485,6.451800
5486,19.18950
5487,21.523400
5488,14.541750
5489,6.638250
5490,0.766750
5491,0
5492,0
5493,0
5494,0
5495,0
5496,0
5497,0
5498,0
5499,0
5500,0
5501,0
5502,3.351900
5503,12.097450
5504,11.90250
5505,24.281700
5506,25.022400
5507,8.49150
5508,29.328250
5509,23.350900
5510,9.418900
5511,22.440600
5512,8.597650
5513,3.740150
5514,0.707450
5515,0
5516,0
5517,0
5518,0
5519,0
5520,0
5521,0
5522,0
5523,0
5524,0
5525,0
5526,3.464900
5527,13.813600
5528,23.611750
5529,30.781350
5530,35.572400
5531,38.266450
5532,38.521650
5533,36.502450
5534,32.293250
5535,26.265600
5536,17.980600
5537,7.621900
5538,0.496650
5539,0
5540,0
5541,0
5542,0
5543,0
5544,0
5545,0
5546,0
5547,0
5548,0
5549,0
5550,3.40250
5551,13.424300
5552,22.732250
5553,29.317850
5554,28.79900
5555,33.40050
5556,36.390750
5557,34.544100
5558,30.836900
5559,25.187150
5560,17.434950
5561,7.107700
5562,0.561700
5563,0
5564,0
5565,0
5566,0
5567,0
5568,0
5569,0
5570,0
5571,0
5572,0
5573,0
5574,2.593050
5575,10.00400
5576,13.762950
5577,23.472400
5578,24.41700
5579,22.268550
5580,7.082650
5581,5.399700
5582,19.90950
5583,15.150600
5584,10.708950
5585,3.062200
5586,0.498050
5587,0
5588,0
5589,0
5590,0
5591,0
5592,0
5593,0
5594,0
5595,0
5596,0
5597,0
5598,1.8400
5599,8.868650
5600,19.549200
5601,21.523650
5602,30.155050
5603,32.470250
5604,32.796800
5605,31.089250
5606,27.497250
5607,21.899650
5608,14.294550
5609,5.958250
5610,0.335400
5611,0
5612,0
5613,0
5614,0
5615,0
5616,0
5617,0
5618,0
5619,0
5620,0
5621,0
5622,3.012600
5623,10.854250
5624,15.813700
5625,23.460400
5626,30.952850
5627,19.80050
5628,23.888600
5629,31.901050
5630,28.08950
5631,22.56600
5632,15.065450
5633,6.208350
5634,0.260750
5635,0
5636,0
5637,0
5638,0
5639,0
5640,0
5641,0
5642,0
5643,0
5644,0
5645,0
5646,3.063850
5647,11.822750
5648,20.835800
5649,22.87450
5650,23.449650
5651,19.902400
5652,25.39800
5653,18.62700
5654,24.396350
5655,10.860050
5656,5.259750
5657,3.398150
5658,0.14850
5659,0
5660,0
5661,0
5662,0
5663,0
5664,0
5665,0
5666,0
5667,0
5668,0
5669,0
5670,2.593400
5671,10.560050
5672,18.526400
5673,18.693550
5674,22.975350
5675,18.848400
5676,9.063600
5677,22.152200
5678,15.22250
5679,11.619900
5680,5.476800
5681,2.132250
5682,0.012850
5683,0
5684,0
5685,0
5686,0
5687,0
5688,0
5689,0
5690,0
5691,0
5692,0
5693,0
5694,2.765750
5695,10.115650
5696,17.777600
5697,24.287750
5698,24.153450
5699,31.95100
5700,32.797800
5701,31.325750
5702,27.950250
5703,22.620750
5704,14.543700
5705,4.5250
5706,0.207300
5707,0
5708,0
5709,0
5710,0
5711,0
5712,0
5713,0
5714,0
5715,0
5716,0
5717,0
5718,2.874050
5719,11.578400
5720,20.298150
5721,27.018250
5722,31.803950
5723,23.232900
5724,34.9900
5725,25.946300
5726,29.335550
5727,23.29050
5728,15.10550
5729,5.743300
5730,0.171100
5731,0
5732,0
5733,0
5734,0
5735,0
5736,0
5737,0
5738,0
5739,0
5740,0
5741,0
5742,1.11900
5743,2.601550
5744,9.396400
5745,18.601150
5746,31.598750
5747,33.989600
5748,34.264150
5749,32.453850
5750,28.620800
5751,22.723800
5752,14.847350
5753,2.698750
5754,0.103800
5755,0
5756,0
5757,0
5758,0
5759,0
5760,0
5761,0
5762,0
5763,0
5764,0
5765,0
5766,1.772400
5767,11.436600
5768,11.759050
5769,8.800650
5770,5.235950
5771,5.084350
5772,8.967450
5773,12.920700
5774,7.753250
5775,17.547700
5776,14.061900
5777,4.251600
5778,0.091650
5779,0
5780,0
5781,0
5782,0
5783,0
5784,0
5785,0
5786,0
5787,0
5788,0
5789,0
5790,2.767600
5791,11.593550
5792,20.614250
5793,27.11250
5794,31.690200
5795,34.004550
5796,34.345350
5797,32.804800
5798,28.943550
5799,16.809250
5800,14.855200
5801,5.499150
5802,0.186050
5803,0
5804,0
5805,0
5806,0
5807,0
5808,0
5809,0
5810,0
5811,0
5812,0
5813,0
5814,2.69900
5815,11.54450
5816,20.684300
5817,27.645350
5818,32.600700
5819,34.945650
5820,35.235600
5821,33.642050
5822,29.61450
5823,23.531800
5824,15.202850
5825,5.536400
5826,0.07250
5827,0
5828,0
5829,0
5830,0
5831,0
5832,0
5833,0
5834,0
5835,0
5836,0
5837,0
5838,2.806550
5839,12.707050
5840,22.313950
5841,29.005050
5842,33.541300
5843,35.759250
5844,35.942650
5845,33.93100
5846,29.932800
5847,24.076850
5848,15.801100
5849,5.600250
5850,0.022950
5851,0
5852,0
5853,0
5854,0
5855,0
5856,0
5857,0
5858,0
5859,0
5860,0
5861,0
5862,2.665650
5863,12.162050
5864,21.379050
5865,27.770650
5866,32.339350
5867,34.546850
5868,34.770750
5869,32.752700
5870,28.890900
5871,23.110600
5872,15.023700
5873,5.235600
5874,0
5875,0
5876,0
5877,0
5878,0
5879,0
5880,0
5881,0
5882,0
5883,0
5884,0
5885,0
5886,2.614450
5887,11.972850
5888,21.06850
5889,27.556150
5890,31.794850
5891,34.182950
5892,34.424700
5893,32.458200
5894,28.562850
5895,22.612700
5896,14.43150
5897,4.96700
5898,0
5899,0
5900,0
5901,0
5902,0
5903,0
5904,0
5905,0
5906,0
5907,0
5908,0
5909,0
5910,2.529550
5911,11.06150
5912,19.757400
5913,24.438200
5914,30.874700
5915,33.196650
5916,33.597050
5917,31.305650
5918,27.484750
5919,18.999050
5920,13.322450
5921,4.544600
5922,0
5923,0
5924,0
5925,0
5926,0
5927,0
5928,0
5929,0
5930,0
5931,0
5932,0
5933,0
5934,2.496900
5935,11.815800
5936,21.226800
5937,26.235050
5938,24.559450
5939,35.764600
5940,35.979750
5941,29.2400
5942,29.672400
5943,22.964550
5944,14.16200
5945,4.486600
5946,0
5947,0
5948,0
5949,0
5950,0
5951,0
5952,0
5953,0
5954,0
5955,0
5956,0
5957,0
5958,0.087250
5959,0.376750
5960,0.441600
5961,1.002700
5962,1.469400
5963,1.32100
5964,2.557950
5965,3.68100
5966,4.423850
5967,12.994250
5968,10.290850
5969,2.501550
5970,0
5971,0
5972,0
5973,0
5974,0
5975,0
5976,0
5977,0
5978,0
5979,0
5980,0
5981,0
5982,2.485350
5983,12.360900
5984,22.103250
5985,28.891050
5986,33.521050
5987,35.795600
5988,35.863700
5989,33.647900
5990,29.422050
5991,23.067250
5992,3.30100
5993,4.431750
5994,0
5995,0
5996,0
5997,0
5998,0
5999,0
6000,0
6001,0
6002,0
6003,0
6004,0
6005,0
6006,2.348200
6007,11.350050
6008,20.386050
6009,26.985650
6010,31.756900
6011,34.221550
6012,34.437550
6013,32.31150
6014,28.139300
6015,21.775650
6016,12.844450
6017,4.00750
6018,0
6019,0
6020,0
6021,0
6022,0
6023,0
6024,0
6025,0
6026,0
6027,0
6028,0
6029,0
6030,0.294600
6031,0.927750
6032,10.170550
6033,4.835300
6034,0.564250
6035,5.89100
6036,9.977900
6037,18.631550
6038,15.076350
6039,19.521450
6040,1.405950
6041,0.807350
6042,0
6043,0
6044,0
6045,0
6046,0
6047,0
6048,0
6049,0
6050,0
6051,0
6052,0
6053,0
6054,2.302600
6055,11.866800
6056,21.81350
6057,29.051800
6058,33.786200
6059,36.007900
6060,36.002400
6061,33.790350
6062,29.561100
6063,9.125900
6064,5.620450
6065,4.185950
6066,0
6067,0
6068,0
6069,0
6070,0
6071,0
6072,0
6073,0
6074,0
6075,0
6076,0
6077,0
6078,0.690950
6079,1.468300
6080,3.297650
6081,6.735350
6082,17.181450
6083,13.894800
6084,9.492450
6085,6.981100
6086,4.036350
6087,2.961950
6088,2.107550
6089,3.474150
6090,0
6091,0
6092,0
6093,0
6094,0
6095,0
6096,0
6097,0
6098,0
6099,0
6100,0
6101,0
6102,0
6103,0.460900
6104,2.22400
6105,3.38350
6106,4.286100
6107,4.686950
6108,6.56100
6109,4.069900
6110,4.966650
6111,4.601850
6112,2.107050
6113,0.579200
6114,0
6115,0
6116,0
6117,0
6118,0
6119,0
6120,0
6121,0
6122,0
6123,0
6124,0
6125,0
6126,1.939050
6127,6.088200
6128,10.953250
6129,7.568850
6130,18.751750
6131,21.401700
6132,17.676850
6133,18.411400
6134,5.753250
6135,3.260050
6136,5.856950
6137,0.287250
6138,0
6139,0
6140,0
6141,0
6142,0
6143,0
6144,0
6145,0
6146,0
6147,0
6148,0
6149,0
6150,0.653850
6151,4.477950
6152,13.799800
6153,21.560350
6154,27.064750
6155,28.310300
6156,29.87850
6157,24.624600
6158,19.605200
6159,12.701950
6160,7.340400
6161,2.076900
6162,0
6163,0
6164,0
6165,0
6166,0
6167,0
6168,0
6169,0
6170,0
6171,0
6172,0
6173,0
6174,1.971650
6175,4.683400
6176,11.967750
6177,28.730750
6178,33.550200
6179,21.155650
6180,36.060250
6181,18.028900
6182,29.302600
6183,22.376050
6184,7.917750
6185,3.281100
6186,0
6187,0
6188,0
6189,0
6190,0
6191,0
6192,0
6193,0
6194,0
6195,0
6196,0
6197,0
6198,1.46050
6199,6.05800
6200,11.867250
6201,7.422450
6202,24.019450
6203,23.88400
6204,5.899950
6205,28.013350
6206,24.251650
6207,19.493600
6208,10.633800
6209,2.966050
6210,0
6211,0
6212,0
6213,0
6214,0
6215,0
6216,0
6217,0
6218,0
6219,0
6220,0
6221,0
6222,1.903700
6223,11.404700
6224,21.144200
6225,28.141550
6226,32.710900
6227,25.064950
6228,34.577050
6229,32.352600
6230,28.217600
6231,21.71600
6232,12.607450
6233,2.946200
6234,0
6235,0
6236,0
6237,0
6238,0
6239,0
6240,0
6241,0
6242,0
6243,0
6244,0
6245,0
6246,1.739250
6247,10.477750
6248,19.841450
6249,26.881300
6250,31.977300
6251,34.599250
6252,35.073400
6253,32.614600
6254,28.424050
6255,21.802800
6256,12.74450
6257,2.862250
6258,0
6259,0
6260,0
6261,0
6262,0
6263,0
6264,0
6265,0
6266,0
6267,0
6268,0
6269,0
6270,1.82750
6271,11.673150
6272,21.609150
6273,28.745250
6274,33.493550
6275,6.617050
6276,22.036750
6277,17.809100
6278,19.90750
6279,12.991900
6280,6.916400
6281,2.725300
6282,0
6283,0
6284,0
6285,0
6286,0
6287,0
6288,0
6289,0
6290,0
6291,0
6292,0
6293,0
6294,1.732400
6295,11.558750
6296,19.077550
6297,23.430600
6298,32.816100
6299,25.109200
6300,34.772200
6301,32.305100
6302,20.502150
6303,18.943400
6304,12.35600
6305,2.53700
6306,0
6307,0
6308,0
6309,0
6310,0
6311,0
6312,0
6313,0
6314,0
6315,0
6316,0
6317,0
6318,1.350
6319,9.54700
6320,10.616400
6321,22.360800
6322,31.470250
6323,33.724250
6324,33.714250
6325,31.445400
6326,27.046550
6327,20.459100
6328,11.306100
6329,2.188050
6330,0
6331,0
6332,0
6333,0
6334,0
6335,0
6336,0
6337,0
6338,0
6339,0
6340,0
6341,0
6342,1.330850
6343,9.438650
6344,18.496750
6345,25.450850
6346,29.613100
6347,32.022300
6348,32.23900
6349,28.924350
6350,24.638350
6351,18.050350
6352,9.760700
6353,1.776800
6354,0
6355,0
6356,0
6357,0
6358,0
6359,0
6360,0
6361,0
6362,0
6363,0
6364,0
6365,0
6366,1.109850
6367,4.356600
6368,18.848100
6369,11.727250
6370,31.970550
6371,34.400650
6372,34.253600
6373,32.246350
6374,27.628550
6375,20.648900
6376,11.382450
6377,2.01950
6378,0
6379,0
6380,0
6381,0
6382,0
6383,0
6384,0
6385,0
6386,0
6387,0
6388,0
6389,0
6390,1.316600
6391,10.432450
6392,20.158650
6393,27.310550
6394,32.169200
6395,34.717650
6396,34.69850
6397,32.161350
6398,27.406300
6399,13.790450
6400,6.251250
6401,1.576650
6402,0
6403,0
6404,0
6405,0
6406,0
6407,0
6408,0
6409,0
6410,0
6411,0
6412,0
6413,0
6414,0.931750
6415,6.759200
6416,17.004900
6417,24.332150
6418,28.885600
6419,25.680250
6420,23.082350
6421,13.909250
6422,11.120750
6423,10.78050
6424,2.821550
6425,0.998700
6426,0
6427,0
6428,0
6429,0
6430,0
6431,0
6432,0
6433,0
6434,0
6435,0
6436,0
6437,0
6438,0
6439,1.115250
6440,2.836100
6441,4.157050
6442,5.990200
6443,4.032550
6444,3.287700
6445,3.703250
6446,3.003200
6447,1.375850
6448,7.152350
6449,0.98950
6450,0
6451,0
6452,0
6453,0
6454,0
6455,0
6456,0
6457,0
6458,0
6459,0
6460,0
6461,0
6462,0.28350
6463,1.875250
6464,7.895700
6465,6.638250
6466,13.283250
6467,12.49850
6468,9.711300
6469,14.360250
6470,2.356950
6471,0.483050
6472,0.030400
6473,0
6474,0
6475,0
6476,0
6477,0
6478,0
6479,0
6480,0
6481,0
6482,0
6483,0
6484,0
6485,0
6486,0.046600
6487,0.561200
6488,5.564650
6489,5.196250
6490,11.854850
6491,18.46600
6492,18.439550
6493,26.594650
6494,25.90100
6495,19.150250
6496,9.871400
6497,1.049550
6498,0
6499,0
6500,0
6501,0
6502,0
6503,0
6504,0
6505,0
6506,0
6507,0
6508,0
6509,0
6510,0.810400
6511,3.939650
6512,13.239200
6513,14.882100
6514,16.365100
6515,34.827100
6516,34.517100
6517,22.974450
6518,26.08750
6519,9.44100
6520,9.540050
6521,0.793850
6522,0
6523,0
6524,0
6525,0
6526,0
6527,0
6528,0
6529,0
6530,0
6531,0
6532,0
6533,0
6534,0.608600
6535,4.8850
6536,12.120200
6537,26.160900
6538,30.161900
6539,10.391850
6540,10.497550
6541,2.858650
6542,7.658450
6543,3.410250
6544,7.691100
6545,0.328600
6546,0
6547,0
6548,0
6549,0
6550,0
6551,0
6552,0
6553,0
6554,0
6555,0
6556,0
6557,0
6558,0
6559,0.795250
6560,5.183900
6561,9.555150
6562,21.199950
6563,17.589450
6564,11.549950
6565,6.790250
6566,5.865550
6567,9.110150
6568,5.447550
6569,0.303650
6570,0
6571,0
6572,0
6573,0
6574,0
6575,0
6576,0
6577,0
6578,0
6579,0
6580,0
6581,0
6582,0.721250
6583,11.167250
6584,22.627150
6585,30.644050
6586,28.790150
6587,20.524650
6588,30.68650
6589,28.590050
6590,30.334800
6591,22.499100
6592,11.426400
6593,0.796200
6594,0
6595,0
6596,0
6597,0
6598,0
6599,0
6600,0
6601,0
6602,0
6603,0
6604,0
6605,0
6606,0.79350
6607,11.520200
6608,22.401800
6609,30.107650
6610,35.4650
6611,38.06050
6612,37.879250
6613,35.173050
6614,24.644400
6615,18.716900
6616,4.447950
6617,0.181300
6618,0
6619,0
6620,0
6621,0
6622,0
6623,0
6624,0
6625,0
6626,0
6627,0
6628,0
6629,0
6630,0
6631,0
6632,4.830600
6633,5.478900
6634,7.585950
6635,8.879200
6636,8.000100
6637,6.196400
6638,7.952950
6639,0.734600
6640,4.339600
6641,0.104050
6642,0
6643,0
6644,0
6645,0
6646,0
6647,0
6648,0
6649,0
6650,0
6651,0
6652,0
6653,0
6654,0.583750
6655,10.592550
6656,18.190950
6657,23.921850
6658,26.535250
6659,27.163650
6660,36.948050
6661,34.153400
6662,28.740950
6663,21.002750
6664,10.236950
6665,0.443350
6666,0
6667,0
6668,0
6669,0
6670,0
6671,0
6672,0
6673,0
6674,0
6675,0
6676,0
6677,0
6678,0.564050
6679,10.590250
6680,21.011400
6681,28.315050
6682,32.971300
6683,35.240800
6684,35.072100
6685,32.442350
6686,27.445050
6687,20.216250
6688,9.830800
6689,0.353650
6690,0
6691,0
6692,0
6693,0
6694,0
6695,0
6696,0
6697,0
6698,0
6699,0
6700,0
6701,0
6702,0.478350
6703,9.71450
6704,19.843450
6705,27.221650
6706,32.097950
6707,34.35800
6708,34.123800
6709,31.294300
6710,26.115350
6711,18.468250
6712,8.641350
6713,0.192950
6714,0
6715,0
6716,0
6717,0
6718,0
6719,0
6720,0
6721,0
6722,0
6723,0
6724,0
6725,0
6726,0.348050
6727,9.672750
6728,6.031350
6729,12.207750
6730,31.600250
6731,33.548400
6732,33.427150
6733,31.093400
6734,26.084700
6735,18.825900
6736,8.475300
6737,0.149400
6738,0
6739,0
6740,0
6741,0
6742,0
6743,0
6744,0
6745,0
6746,0
6747,0
6748,0
6749,0
6750,0.136350
6751,8.983850
6752,15.641700
6753,24.179100
6754,24.041750
6755,27.078550
6756,22.857850
6757,16.13650
6758,9.363600
6759,11.911950
6760,3.602800
6761,0
6762,0
6763,0
6764,0
6765,0
6766,0
6767,0
6768,0
6769,0
6770,0
6771,0
6772,0
6773,0
6774,0.110550
6775,8.076350
6776,17.611250
6777,24.949550
6778,29.729750
6779,31.979600
6780,18.514100
6781,28.826700
6782,19.726050
6783,16.07400
6784,6.411900
6785,0
6786,0
6787,0
6788,0
6789,0
6790,0
6791,0
6792,0
6793,0
6794,0
6795,0
6796,0
6797,0
6798,0
6799,6.906100
6800,15.856300
6801,18.516100
6802,23.20250
6803,24.604250
6804,25.660400
6805,21.300650
6806,21.745350
6807,17.697800
6808,7.23850
6809,0
6810,0
6811,0
6812,0
6813,0
6814,0
6815,0
6816,0
6817,0
6818,0
6819,0
6820,0
6821,0
6822,0.13800
6823,3.249900
6824,14.464300
6825,21.450900
6826,31.396300
6827,33.183200
6828,32.837750
6829,29.860700
6830,24.567600
6831,16.904550
6832,6.762800
6833,0
6834,0
6835,0
6836,0
6837,0
6838,0
6839,0
6840,0
6841,0
6842,0
6843,0
6844,0
6845,0
6846,0.189100
6847,9.947550
6848,20.658300
6849,27.790950
6850,32.496700
6851,34.718950
6852,34.461300
6853,31.65800
6854,26.467900
6855,9.904750
6856,7.726750
6857,0
6858,0
6859,0
6860,0
6861,0
6862,0
6863,0
6864,0
6865,0
6866,0
6867,0
6868,0
6869,0
6870,0
6871,1.111950
6872,1.571850
6873,5.267900
6874,3.62600
6875,3.057250
6876,6.780900
6877,0.310550
6878,0.209300
6879,2.249900
6880,3.026200
6881,0
6882,0
6883,0
6884,0
6885,0
6886,0
6887,0
6888,0
6889,0
6890,0
6891,0
6892,0
6893,0
6894,0
6895,0.705450
6896,2.057100
6897,19.178450
6898,34.43950
6899,37.086600
6900,36.935050
6901,33.809350
6902,28.07100
6903,19.823900
6904,8.329900
6905,0
6906,0
6907,0
6908,0
6909,0
6910,0
6911,0
6912,0
6913,0
6914,0
6915,0
6916,0
6917,0
6918,0
6919,9.204750
6920,19.928900
6921,27.34150
6922,31.813950
6923,13.663300
6924,8.642800
6925,2.868650
6926,2.178800
6927,1.14100
6928,1.207200
6929,0
6930,0
6931,0
6932,0
6933,0
6934,0
6935,0
6936,0
6937,0
6938,0
6939,0
6940,0
6941,0
6942,0
6943,0.298100
6944,1.020800
6945,3.127700
6946,5.659150
6947,8.817950
6948,12.592250
6949,5.200650
6950,2.518900
6951,1.571700
6952,1.577100
6953,0
6954,0
6955,0
6956,0
6957,0
6958,0
6959,0
6960,0
6961,0
6962,0
6963,0
6964,0
6965,0
6966,0
6967,9.078250
6968,16.946300
6969,17.806550
6970,23.573850
6971,13.627450
6972,26.162100
6973,24.33850
6974,12.757400
6975,8.352400
6976,6.839650
6977,0
6978,0
6979,0
6980,0
6981,0
6982,0
6983,0
6984,0
6985,0
6986,0
6987,0
6988,0
6989,0
6990,0
6991,8.514700
6992,5.517050
6993,10.78350
6994,32.34300
6995,34.962550
6996,26.378450
6997,31.748150
6998,26.083250
6999,17.944200
7000,6.959450
7001,0
7002,0
7003,0
7004,0
7005,0
7006,0
7007,0
7008,0
7009,0
7010,0
7011,0
7012,0
7013,0
7014,0
7015,8.236200
7016,18.908400
7017,26.427200
7018,31.640300
7019,33.695700
7020,33.275450
7021,30.374850
7022,25.035750
7023,14.070150
7024,3.036200
7025,0
7026,0
7027,0
7028,0
7029,0
7030,0
7031,0
7032,0
7033,0
7034,0
7035,0
7036,0
7037,0
7038,0
7039,7.506300
7040,18.377450
7041,16.868150
7042,24.841050
7043,26.46250
7044,32.338650
7045,20.433850
7046,10.115700
7047,3.656950
7048,0.919800
7049,0
7050,0
7051,0
7052,0
7053,0
7054,0
7055,0
7056,0
7057,0
7058,0
7059,0
7060,0
7061,0
7062,0
7063,0.748750
7064,12.431550
7065,18.887050
7066,24.122950
7067,23.46200
7068,14.304550
7069,7.251650
7070,4.575600
7071,10.108300
7072,6.165150
7073,0
7074,0
7075,0
7076,0
7077,0
7078,0
7079,0
7080,0
7081,0
7082,0
7083,0
7084,0
7085,0
7086,0
7087,1.28150
7088,6.132700
7089,2.651550
7090,7.003150
7091,14.867950
7092,23.113150
7093,32.417750
7094,19.526900
7095,4.903950
7096,0
7097,0
7098,0
7099,0
7100,0
7101,0
7102,0
7103,0
7104,0
7105,0
7106,0
7107,0
7108,0
7109,0
7110,0
7111,8.776400
7112,19.874550
7113,27.546800
7114,24.820150
7115,14.800850
7116,21.419450
7117,3.090900
7118,16.875600
7119,17.025900
7120,5.981600
7121,0
7122,0
7123,0
7124,0
7125,0
7126,0
7127,0
7128,0
7129,0
7130,0
7131,0
7132,0
7133,0
7134,0
7135,5.832600
7136,15.866150
7137,20.147150
7138,23.077850
7139,33.275300
7140,23.547150
7141,23.312700
7142,15.499700
7143,10.932100
7144,1.01050
7145,0
7146,0
7147,0
7148,0
7149,0
7150,0
7151,0
7152,0
7153,0
7154,0
7155,0
7156,0
7157,0
7158,0
7159,1.428250
7160,15.780550
7161,19.790950
7162,21.345650
7163,22.487250
7164,19.033600
7165,13.238300
7166,12.331150
7167,3.438550
7168,0.585900
7169,0
7170,0
7171,0
7172,0
7173,0
7174,0
7175,0
7176,0
7177,0
7178,0
7179,0
7180,0
7181,0
7182,0
7183,0.177550
7184,0.859850
7185,2.7900
7186,3.602800
7187,3.909700
7188,2.814150
7189,5.206550
7190,2.742200
7191,0.230950
7192,0
7193,0
7194,0
7195,0
7196,0
7197,0
7198,0
7199,0
7200,0
7201,0
7202,0
7203,0
7204,0
7205,0
7206,0
7207,4.973300
7208,15.935300
7209,26.756550
7210,31.768050
7211,34.107750
7212,33.655350
7213,30.506350
7214,8.973400
7215,6.706750
7216,2.126350
7217,0
7218,0
7219,0
7220,0
7221,0
7222,0
7223,0
7224,0
7225,0
7226,0
7227,0
7228,0
7229,0
7230,0
7231,0.480200
7232,1.469550
7233,2.225900
7234,3.349900
7235,2.394450
7236,11.595600
7237,7.80150
7238,1.268450
7239,6.95350
7240,4.934950
7241,0
7242,0
7243,0
7244,0
7245,0
7246,0
7247,0
7248,0
7249,0
7250,0
7251,0
7252,0
7253,0
7254,0
7255,7.121650
7256,17.818100
7257,25.426650
7258,30.283900
7259,32.618600
7260,32.31900
7261,29.5100
7262,23.884350
7263,15.500450
7264,4.819350
7265,0
7266,0
7267,0
7268,0
7269,0
7270,0
7271,0
7272,0
7273,0
7274,0
7275,0
7276,0
7277,0
7278,0
7279,6.490800
7280,11.105150
7281,20.971300
7282,29.609450
7283,31.714250
7284,31.260900
7285,28.434650
7286,22.915050
7287,14.692250
7288,3.052950
7289,0
7290,0
7291,0
7292,0
7293,0
7294,0
7295,0
7296,0
7297,0
7298,0
7299,0
7300,0
7301,0
7302,0
7303,6.277750
7304,14.783550
7305,18.235700
7306,22.245450
7307,18.790950
7308,22.663750
7309,16.614900
7310,7.408400
7311,10.49550
7312,1.020950
7313,0
7314,0
7315,0
7316,0
7317,0
7318,0
7319,0
7320,0
7321,0
7322,0
7323,0
7324,0
7325,0
7326,0
7327,0.985400
7328,10.476250
7329,22.527100
7330,28.567200
7331,30.739950
7332,30.505350
7333,27.036300
7334,21.534150
7335,13.409900
7336,3.193950
7337,0
7338,0
7339,0
7340,0
7341,0
7342,0
7343,0
7344,0
7345,0
7346,0
7347,0
7348,0
7349,0
7350,0
7351,1.033950
7352,15.011250
7353,21.994100
7354,31.676450
7355,33.946600
7356,33.544250
7357,26.91750
7358,17.532200
7359,10.333950
7360,2.111200
7361,0
7362,0
7363,0
7364,0
7365,0
7366,0
7367,0
7368,0
7369,0
7370,0
7371,0
7372,0
7373,0
7374,0
7375,0
7376,0.732650
7377,1.864850
7378,0.491100
7379,7.931850
7380,3.636800
7381,1.742650
7382,0.904600
7383,0
7384,0
7385,0
7386,0
7387,0
7388,0
7389,0
7390,0
7391,0
7392,0
7393,0
7394,0
7395,0
7396,0
7397,0
7398,0
7399,6.844650
7400,18.517350
7401,27.166750
7402,32.701050
7403,35.105350
7404,34.360900
7405,31.08250
7406,24.921900
7407,15.533450
7408,3.952250
7409,0
7410,0
7411,0
7412,0
7413,0
7414,0
7415,0
7416,0
7417,0
7418,0
7419,0
7420,0
7421,0
7422,0
7423,6.366650
7424,17.611250
7425,25.777750
7426,30.761900
7427,33.125700
7428,27.212150
7429,29.420700
7430,23.818650
7431,15.023150
7432,3.744300
7433,0
7434,0
7435,0
7436,0
7437,0
7438,0
7439,0
7440,0
7441,0
7442,0
7443,0
7444,0
7445,0
7446,0
7447,5.826650
7448,16.765950
7449,24.676250
7450,29.488800
7451,31.820700
7452,31.472600
7453,28.454700
7454,22.972350
7455,14.358600
7456,3.296250
7457,0
7458,0
7459,0
7460,0
7461,0
7462,0
7463,0
7464,0
7465,0
7466,0
7467,0
7468,0
7469,0
7470,0
7471,2.887650
7472,17.718100
7473,26.343600
7474,31.777450
7475,24.778350
7476,13.458700
7477,23.383750
7478,16.424300
7479,15.232650
7480,3.333800
7481,0
7482,0
7483,0
7484,0
7485,0
7486,0
7487,0
7488,0
7489,0
7490,0
7491,0
7492,0
7493,0
7494,0
7495,5.741200
7496,17.205200
7497,7.466900
7498,31.251350
7499,15.792300
7500,33.134350
7501,13.854600
7502,24.099250
7503,14.816400
7504,2.979050
7505,0
7506,0
7507,0
7508,0
7509,0
7510,0
7511,0
7512,0
7513,0
7514,0
7515,0
7516,0
7517,0
7518,0
7519,4.810600
7520,16.027950
7521,24.661600
7522,30.111850
7523,32.581750
7524,32.028800
7525,21.929100
7526,13.940300
7527,7.136250
7528,0.833150
7529,0
7530,0
7531,0
7532,0
7533,0
7534,0
7535,0
7536,0
7537,0
7538,0
7539,0
7540,0
7541,0
7542,0
7543,3.814100
7544,15.2200
7545,18.032900
7546,21.82700
7547,30.857200
7548,22.864600
7549,21.595900
7550,21.591100
7551,13.203100
7552,2.039250
7553,0
7554,0
7555,0
7556,0
7557,0
7558,0
7559,0
7560,0
7561,0
7562,0
7563,0
7564,0
7565,0
7566,0
7567,0
7568,0.050450
7569,1.248950
7570,4.608450
7571,4.874600
7572,1.945900
7573,3.841200
7574,2.008150
7575,1.011250
7576,0
7577,0
7578,0
7579,0
7580,0
7581,0
7582,0
7583,0
7584,0
7585,0
7586,0
7587,0
7588,0
7589,0
7590,0
7591,4.940050
7592,17.940100
7593,27.019800
7594,32.646600
7595,35.028100
7596,34.305800
7597,30.822950
7598,24.814950
7599,15.215350
7600,2.404700
7601,0
7602,0
7603,0
7604,0
7605,0
7606,0
7607,0
7608,0
7609,0
7610,0
7611,0
7612,0
7613,0
7614,0
7615,4.682350
7616,16.968750
7617,25.572750
7618,30.551750
7619,32.752400
7620,32.438300
7621,29.372050
7622,23.851800
7623,14.838150
7624,2.318150
7625,0
7626,0
7627,0
7628,0
7629,0
7630,0
7631,0
7632,0
7633,0
7634,0
7635,0
7636,0
7637,0
7638,0
7639,4.312950
7640,16.815050
7641,25.416750
7642,24.095100
7643,32.421750
7644,23.734750
7645,25.304550
7646,11.006900
7647,14.116150
7648,1.993950
7649,0
7650,0
7651,0
7652,0
7653,0
7654,0
7655,0
7656,0
7657,0
7658,0
7659,0
7660,0
7661,0
7662,0
7663,3.877600
7664,16.1700
7665,24.456850
7666,29.212800
7667,31.282050
7668,30.840250
7669,28.088700
7670,22.309900
7671,13.408800
7672,1.774850
7673,0
7674,0
7675,0
7676,0
7677,0
7678,0
7679,0
7680,0
7681,0
7682,0
7683,0
7684,0
7685,0
7686,0
7687,0.19200
7688,2.392850
7689,9.319600
7690,9.193800
7691,29.360750
7692,29.00200
7693,26.146350
7694,20.662300
7695,12.034850
7696,1.271350
7697,0
7698,0
7699,0
7700,0
7701,0
7702,0
7703,0
7704,0
7705,0
7706,0
7707,0
7708,0
7709,0
7710,0
7711,1.986550
7712,2.004100
7713,10.721400
7714,15.056900
7715,16.514150
7716,16.169350
7717,7.119800
7718,5.122600
7719,5.365150
7720,1.111900
7721,0
7722,0
7723,0
7724,0
7725,0
7726,0
7727,0
7728,0
7729,0
7730,0
7731,0
7732,0
7733,0
7734,0
7735,0.378100
7736,5.447150
7737,7.629300
7738,12.237400
7739,14.883200
7740,14.129100
7741,6.963750
7742,2.698300
7743,1.295200
7744,0
7745,0
7746,0
7747,0
7748,0
7749,0
7750,0
7751,0
7752,0
7753,0
7754,0
7755,0
7756,0
7757,0
7758,0
7759,0
7760,3.370050
7761,0.782950
7762,4.492850
7763,7.881200
7764,5.712850
7765,0.362200
7766,1.152250
7767,0.847200
7768,0
7769,0
7770,0
7771,0
7772,0
7773,0
7774,0
7775,0
7776,0
7777,0
7778,0
7779,0
7780,0
7781,0
7782,0
7783,0.05900
7784,2.332850
7785,2.091100
7786,2.754200
7787,9.816600
7788,17.477250
7789,17.515900
7790,11.399100
7791,5.683100
7792,0.431200
7793,0
7794,0
7795,0
7796,0
7797,0
7798,0
7799,0
7800,0
7801,0
7802,0
7803,0
7804,0
7805,0
7806,0
7807,0
7808,1.691900
7809,1.872950
7810,6.197200
7811,4.028100
7812,6.352700
7813,2.738200
7814,1.054550
7815,0.186600
7816,0
7817,0
7818,0
7819,0
7820,0
7821,0
7822,0
7823,0
7824,0
7825,0
7826,0
7827,0
7828,0
7829,0
7830,0
7831,0
7832,0.718900
7833,2.159950
7834,3.934900
7835,5.860100
7836,4.949800
7837,2.32450
7838,1.712350
7839,0.520250
7840,0
7841,0
7842,0
7843,0
7844,0
7845,0
7846,0
7847,0
7848,0
7849,0
7850,0
7851,0
7852,0
7853,0
7854,0
7855,0
7856,0.518750
7857,0.222750
7858,1.734750
7859,1.490900
7860,1.262750
7861,1.528250
7862,1.192450
7863,0.992700
7864,0
7865,0
7866,0
7867,0
7868,0
7869,0
7870,0
7871,0
7872,0
7873,0
7874,0
7875,0
7876,0
7877,0
7878,0
7879,0
7880,0.07800
7881,2.116550
7882,19.087450
7883,11.24300
7884,18.033450
7885,0.381600
7886,12.330100
7887,6.635450
7888,0.175450
7889,0
7890,0
7891,0
7892,0
7893,0
7894,0
7895,0
7896,0
7897,0
7898,0
7899,0
7900,0
7901,0
7902,0
7903,1.345650
7904,14.252300
7905,23.574950
7906,29.311400
7907,31.70950
7908,31.20550
7909,21.463700
7910,9.675700
7911,11.135100
7912,0.307950
7913,0
7914,0
7915,0
7916,0
7917,0
7918,0
7919,0
7920,0
7921,0
7922,0
7923,0
7924,0
7925,0
7926,0
7927,1.140050
7928,7.460900
7929,16.373400
7930,21.728800
7931,23.626700
7932,16.66200
7933,12.081150
7934,1.613950
7935,4.502450
7936,0.041850
7937,0
7938,0
7939,0
7940,0
7941,0
7942,0
7943,0
7944,0
7945,0
7946,0
7947,0
7948,0
7949,0
7950,0
7951,0
7952,12.721700
7953,15.509650
7954,9.776050
7955,18.117800
7956,21.724400
7957,19.714850
7958,3.960050
7959,2.21450
7960,0
7961,0
7962,0
7963,0
7964,0
7965,0
7966,0
7967,0
7968,0
7969,0
7970,0
7971,0
7972,0
7973,0
7974,0
7975,0.067900
7976,2.218200
7977,22.005400
7978,12.257050
7979,10.342450
7980,20.531900
7981,18.879750
7982,21.257950
7983,6.771800
7984,0.146050
7985,0
7986,0
7987,0
7988,0
7989,0
7990,0
7991,0
7992,0
7993,0
7994,0
7995,0
7996,0
7997,0
7998,0
7999,0.178650
8000,7.909550
8001,4.138600
8002,4.610200
8003,23.111350
8004,19.367100
8005,16.875200
8006,7.421850
8007,1.212950
8008,0
8009,0
8010,0
8011,0
8012,0
8013,0
8014,0
8015,0
8016,0
8017,0
8018,0
8019,0
8020,0
8021,0
8022,0
8023,0.473350
8024,12.374400
8025,21.529300
8026,27.083800
8027,29.868650
8028,6.691550
8029,5.794350
8030,4.146250
8031,1.943650
8032,0
8033,0
8034,0
8035,0
8036,0
8037,0
8038,0
8039,0
8040,0
8041,0
8042,0
8043,0
8044,0
8045,0
8046,0
8047,0.214950
8048,1.490300
8049,2.219550
8050,3.185050
8051,18.482300
8052,18.506600
8053,16.692550
8054,12.029250
8055,2.162750
8056,0.178700
8057,0
8058,0
8059,0
8060,0
8061,0
8062,0
8063,0
8064,0
8065,0
8066,0
8067,0
8068,0
8069,0
8070,0
8071,0.093850
8072,1.16700
8073,3.224850
8074,20.362150
8075,22.410050
8076,27.681750
8077,25.325600
8078,19.944250
8079,11.203850
8080,0.608100
8081,0
8082,0
8083,0
8084,0
8085,0
8086,0
8087,0
8088,0
8089,0
8090,0
8091,0
8092,0
8093,0
8094,0
8095,0.104900
8096,6.009650
8097,18.255250
8098,17.510700
8099,19.606050
8100,21.830550
8101,18.629900
8102,9.008350
8103,7.186400
8104,0.046450
8105,0
8106,0
8107,0
8108,0
8109,0
8110,0
8111,0
8112,0
8113,0
8114,0
8115,0
8116,0
8117,0
8118,0
8119,0
8120,1.325450
8121,2.662150
8122,12.548150
8123,26.77350
8124,26.303650
8125,14.718100
8126,5.099450
8127,1.844050
8128,0
8129,0
8130,0
8131,0
8132,0
8133,0
8134,0
8135,0
8136,0
8137,0
8138,0
8139,0
8140,0
8141,0
8142,0
8143,0
8144,0.955050
8145,1.564350
8146,3.972550
8147,13.560400
8148,5.52400
8149,3.064850
8150,2.553050
8151,4.287650
8152,0
8153,0
8154,0
8155,0
8156,0
8157,0
8158,0
8159,0
8160,0
8161,0
8162,0
8163,0
8164,0
8165,0
8166,0
8167,0
8168,5.616750
8169,7.148650
8170,24.32750
8171,23.68950
8172,24.274650
8173,29.397450
8174,23.398100
8175,8.405150
8176,0.157350
8177,0
8178,0
8179,0
8180,0
8181,0
8182,0
8183,0
8184,0
8185,0
8186,0
8187,0
8188,0
8189,0
8190,0
8191,0
8192,1.042250
8193,9.105300
8194,1.74600
8195,5.584450
8196,12.377950
8197,2.991350
8198,4.140550
8199,0.365900
8200,0.213950
8201,0
8202,0
8203,0
8204,0
8205,0
8206,0
8207,0
8208,0
8209,0
8210,0
8211,0
8212,0
8213,0
8214,0
8215,0
8216,9.03150
8217,18.580200
8218,9.914400
8219,5.710750
8220,12.308700
8221,27.310350
8222,21.497450
8223,11.969900
8224,0.25950
8225,0
8226,0
8227,0
8228,0
8229,0
8230,0
8231,0
8232,0
8233,0
8234,0
8235,0
8236,0
8237,0
8238,0
8239,0
8240,4.374800
8241,0.486350
8242,1.325650
8243,11.427550
8244,10.232400
8245,10.401050
8246,21.559800
8247,12.684400
8248,1.01850
8249,0
8250,0
8251,0
8252,0
8253,0
8254,0
8255,0
8256,0
8257,0
8258,0
8259,0
8260,0
8261,0
8262,0
8263,0
8264,12.765750
8265,22.985850
8266,29.304600
8267,32.321950
8268,32.279450
8269,28.933400
8270,22.639850
8271,12.886250
8272,0.902100
8273,0
8274,0
8275,0
8276,0
8277,0
8278,0
8279,0
8280,0
8281,0
8282,0
8283,0
8284,0
8285,0
8286,0
8287,0
8288,12.620450
8289,23.325150
8290,30.306650
8291,33.847700
8292,34.098050
8293,30.901950
8294,24.355300
8295,14.241450
8296,1.220950
8297,0
8298,0
8299,0
8300,0
8301,0
8302,0
8303,0
8304,0
8305,0
8306,0
8307,0
8308,0
8309,0
8310,0
8311,0
8312,11.782150
8313,22.025850
8314,28.253950
8315,31.677200
8316,31.896700
8317,28.921350
8318,22.81750
8319,13.36600
8320,0.341450
8321,0
8322,0
8323,0
8324,0
8325,0
8326,0
8327,0
8328,0
8329,0
8330,0
8331,0
8332,0
8333,0
8334,0
8335,0
8336,0.592400
8337,1.493350
8338,6.130700
8339,5.339150
8340,2.749900
8341,4.214100
8342,2.568050
8343,1.789950
8344,0
8345,0
8346,0
8347,0
8348,0
8349,0
8350,0
8351,0
8352,0
8353,0
8354,0
8355,0
8356,0
8357,0
8358,0
8359,0
8360,10.114200
8361,13.414200
8362,2.881450
8363,3.42350
8364,8.226250
8365,9.460100
8366,21.289450
8367,9.645750
8368,0.552550
8369,0
8370,0
8371,0
8372,0
8373,0
8374,0
8375,0
8376,0
8377,0
8378,0
8379,0
8380,0
8381,0
8382,0
8383,0
8384,11.527300
8385,21.80150
8386,12.549150
8387,15.794150
8388,16.497950
8389,14.729850
8390,22.471250
8391,6.75050
8392,0.32150
8393,0
8394,0
8395,0
8396,0
8397,0
8398,0
8399,0
8400,0
8401,0
8402,0
8403,0
8404,0
8405,0
8406,0
8407,0
8408,0.09050
8409,0.449450
8410,2.221650
8411,3.414800
8412,12.106200
8413,10.802050
8414,21.390750
8415,4.375150
8416,0.312400
8417,0
8418,0
8419,0
8420,0
8421,0
8422,0
8423,0
8424,0
8425,0
8426,0
8427,0
8428,0
8429,0
8430,0
8431,0
8432,10.70200
8433,21.304250
8434,27.404850
8435,9.24600
8436,10.261750
8437,12.526850
8438,5.009550
8439,4.583200
8440,0.079700
8441,0
8442,0
8443,0
8444,0
8445,0
8446,0
8447,0
8448,0
8449,0
8450,0
8451,0
8452,0
8453,0
8454,0
8455,0
8456,10.245750
8457,20.564950
8458,27.088200
8459,30.507650
8460,30.712050
8461,28.101750
8462,12.212950
8463,5.981750
8464,0.12650
8465,0
8466,0
8467,0
8468,0
8469,0
8470,0
8471,0
8472,0
8473,0
8474,0
8475,0
8476,0
8477,0
8478,0
8479,0
8480,2.945800
8481,9.599250
8482,14.22400
8483,12.959650
8484,12.096200
8485,6.058650
8486,12.107150
8487,6.211550
8488,0.149350
8489,0
8490,0
8491,0
8492,0
8493,0
8494,0
8495,0
8496,0
8497,0
8498,0
8499,0
8500,0
8501,0
8502,0
8503,0
8504,0.153650
8505,4.606350
8506,8.49650
8507,9.909150
8508,18.059300
8509,16.936950
8510,15.736700
8511,2.115450
8512,0
8513,0
8514,0
8515,0
8516,0
8517,0
8518,0
8519,0
8520,0
8521,0
8522,0
8523,0
8524,0
8525,0
8526,0
8527,0
8528,1.211300
8529,2.148700
8530,3.069250
8531,4.658650
8532,3.129550
8533,1.26350
8534,1.916950
8535,0.277600
8536,0
8537,0
8538,0
8539,0
8540,0
8541,0
8542,0
8543,0
8544,0
8545,0
8546,0
8547,0
8548,0
8549,0
8550,0
8551,0
8552,0.540750
8553,0.787800
8554,2.791800
8555,1.525950
8556,1.681450
8557,4.15400
8558,4.71200
8559,1.819750
8560,0
8561,0
8562,0
8563,0
8564,0
8565,0
8566,0
8567,0
8568,0
8569,0
8570,0
8571,0
8572,0
8573,0
8574,0
8575,0
8576,0.658400
8577,9.600350
8578,21.189250
8579,22.687950
8580,26.739950
8581,24.372700
8582,16.514300
8583,14.68200
8584,0.816600
8585,0
8586,0
8587,0
8588,0
8589,0
8590,0
8591,0
8592,0
8593,0
8594,0
8595,0
8596,0
8597,0
8598,0
8599,0
8600,4.670950
8601,6.960650
8602,16.75400
8603,19.682550
8604,14.922700
8605,13.962150
8606,7.741550
8607,1.545950
8608,1.914900
8609,0
8610,0
8611,0
8612,0
8613,0
8614,0
8615,0
8616,0
8617,0
8618,0
8619,0
8620,0
8621,0
8622,0
8623,0
8624,8.066400
8625,10.617750
8626,15.033900
8627,15.715400
8628,17.839450
8629,16.105550
8630,23.264550
8631,14.429350
8632,2.147700
8633,0
8634,0
8635,0
8636,0
8637,0
8638,0
8639,0
8640,0
8641,0
8642,0
8643,0
8644,0
8645,0
8646,0
8647,0
8648,9.857800
8649,20.009100
8650,26.70300
8651,30.343700
8652,18.346050
8653,18.410650
8654,15.141850
8655,14.752400
8656,2.345950
8657,0
8658,0
8659,0
8660,0
8661,0
8662,0
8663,0
8664,0
8665,0
8666,0
8667,0
8668,0
8669,0
8670,0
8671,0
8672,10.042450
8673,20.204650
8674,26.229900
8675,29.497400
8676,29.975100
8677,27.531200
8678,18.854150
8679,11.681400
8680,0.643250
8681,0
8682,0
8683,0
8684,0
8685,0
8686,0
8687,0
8688,0
8689,0
8690,0
8691,0
8692,0
8693,0
8694,0
8695,0
8696,0.082400
8697,0.35800
8698,1.381050
8699,2.337300
8700,1.453650
8701,1.978350
8702,0.669950
8703,0
8704,1.770900
8705,0
8706,0
8707,0
8708,0
8709,0
8710,0
8711,0
8712,0
8713,0
8714,0
8715,0
8716,0
8717,0
8718,0
8719,0
8720,0.010600
8721,2.751400
8722,4.296700
8723,4.594050
8724,8.193700
8725,7.210200
8726,6.681300
8727,7.256650
8728,0.695300
8729,0
8730,0
8731,0
8732,0
8733,0
8734,0
8735,0
8736,0
8737,0
8738,0
8739,0
8740,0
8741,0
8742,0
8743,0
8744,1.314800
8745,9.449950
8746,14.881250
8747,2.312300
8748,4.275050
8749,3.860400
8750,24.181550
8751,15.456200
8752,2.60200
8753,0
8754,0
8755,0
8756,0
8757,0
8758,0
8759,0
